,0
/wiki/UNESCO,96334
/wiki/Critically_Endangered,2650
/wiki/Sampling_interval,37
/wiki/European_rabbit,11184
/wiki/Thomas_Cranmer,24363
/wiki/Pupillary_light_reflex,19261
/wiki/Oxyaenidae,852
/wiki/Sixth_Dynasty_of_Egypt,1989
/wiki/Kitten,27872
/wiki/Ascidiacea,7000
/wiki/Tacitus,24065
/wiki/Royal_coat_of_arms_of_the_United_Kingdom,19425
/wiki/Triassic,35120
/wiki/Brazil,354849
/wiki/Adjective,84565
/wiki/Glires,1941
/wiki/Close_vowel,3214
/wiki/Sound_mimesis_in_various_cultures,412
/wiki/Stoating,679
/wiki/Transcaucasus,967
/wiki/Barn_owl,30522
/wiki/Clade,25923
/wiki/Ethnic_German,2432
/wiki/Library_cat,396
/wiki/Lect,437
/wiki/Royal_Society_of_Sciences_in_Uppsala,350
/wiki/Arabizi,49
/wiki/Language_family,50739
/wiki/Georgian_language,27652
/wiki/Conditioned_reflex,308
/wiki/Pop_art,58296
/wiki/Slovakia,126490
/wiki/Corruption_in_Egypt,692
/wiki/Mandaeism,15081
/wiki/Hamburg,98036
/wiki/Kama_River,2215
/wiki/Abyssinian_cat,17223
/wiki/Open_surgery,609
/wiki/Public_holidays_in_Egypt,3769
/wiki/Typographic_ligature,14297
/wiki/Premolar,6022
/wiki/GCCF,88
/wiki/Farm_cat,3390
/wiki/Bolometer,6534
/wiki/Weero,108
/wiki/Farrier,10686
/wiki/Old_Saxony,5062
/wiki/Low_German,17964
/wiki/Fodder,15428
/wiki/Stimulate,378
/wiki/Genetic_drift,23731
/wiki/Reining,3307
/wiki/Kassala,2553
/wiki/Evolutionary_ideas_of_the_Renaissance_and_Enlightenment,916
/wiki/Eastern_grey_squirrel,584
/wiki/Gag_reflex,2698
/wiki/British_India,26031
/wiki/Germania_Slavica,453
/wiki/Brooks_Koepka,8677
/wiki/Thomas_Kyd,3863
/wiki/Rishi_Sunak,3901
/wiki/Slovenia,134817
/wiki/Great_Bible,4501
/wiki/Balkan_green_lizard,334
/wiki/Status_of_the_Irish_language,3447
/wiki/Meteorite_falls,565
/wiki/Cats,20254
/wiki/Finnic_languages,6771
/wiki/Sarcophagus,21077
/wiki/Diphthong,33681
/wiki/Name_of_Hungary,1844
/wiki/Late_Period_of_ancient_Egypt,4666
/wiki/Prishibinskoye,7
/wiki/Nineteenth_Dynasty_of_Egypt,5067
/wiki/Boa_constrictor,35480
/wiki/Greenhouses,340
/wiki/Restoration_literature,7484
/wiki/Germanic_languages,47136
/wiki/Scent_rubbing,9
/wiki/British_Museum,64897
/wiki/Eocene,18076
/wiki/Svalbard,79198
/wiki/Hejazi_Arabic,3438
/wiki/Gothic_language,15367
/wiki/Ambulacraria,771
/wiki/Quedlinburg,4218
/wiki/North_Brabant,8533
/wiki/Giza_pyramid_complex,18862
/wiki/Belgian_Blue,20332
/wiki/Moss,40886
/wiki/He_of_the_Sedge_and_Bee,-1
/wiki/Late_Middle_English,581
/wiki/Fossil,55875
/wiki/June_1,5846
/wiki/Nomenclature,24280
/wiki/Vasectomy,62806
/wiki/KMYS,872
/wiki/Acts_of_Union_1800,10465
/wiki/Ornithological,171
/wiki/Insular_Celtic,1074
/wiki/Manually_coded_language,2669
/wiki/Jurassic,51842
/wiki/Common_cuckoo,8036
/wiki/Titi,4401
/wiki/Sigismund_von_Herberstein,637
/wiki/Caribbean,119742
/wiki/Social_effects_of_evolutionary_theory,1636
/wiki/Lingual_papillae,254
/wiki/Third_Dynasty_of_Egypt,3157
/wiki/Zanzibar,101479
/wiki/Hyaenodonta,303
/wiki/Ethology,24563
/wiki/Sneeze,18630
/wiki/House_of_Lords,71176
/wiki/Alliteration,50075
/wiki/Linguistic_typology,4390
/wiki/Invertebrate,40006
/wiki/IUCN_Red_List_of_extinct_species,14852
/wiki/Lazarus_sign,8166
/wiki/Kryptopterus_vitreolus,1955
/wiki/Cat_genetics,1242
/wiki/Shrew,31207
/wiki/Fossorial,3533
/wiki/House_of_Commons_of_the_United_Kingdom,47869
/wiki/Cats_and_the_Internet,2731
/wiki/Escape_reflex,379
/wiki/Laurasia,10586
/wiki/Jumping_Frenchmen_of_Maine,2607
/wiki/Siberia,122978
/wiki/Virus_classification,19446
/wiki/Saxons,62927
/wiki/Digital_logic,1152
/wiki/Estrous,371
/wiki/Ventral_nerve_cord,1499
/wiki/Northern_Ireland,139731
/wiki/Africa,211950
/wiki/ISO_basic_Latin_alphabet,11694
/wiki/Purchasing_power_parity,100025
/wiki/Lists_of_IUCN_Red_List_critically_endangered_species,1642
/wiki/First_Intermediate_Period_of_Egypt,5204
/wiki/Zoological_nomenclature,597
/wiki/Tapetum_lucidum,18059
/wiki/Mule_deer,19951
/wiki/Bile,63740
/wiki/Hungarian_dzs,435
/wiki/Tame_bear,1602
/wiki/Simplicidentata,97
/wiki/Uralic_language_family,730
/wiki/Extant_taxa,399
/wiki/Nape,8443
/wiki/Sound_symbolism,3837
/wiki/Hinduism,262075
/wiki/History_of_republican_Egypt,-1
/wiki/Visible_spectrum,69940
/wiki/Therizinosaurus,8955
/wiki/Eutheria,12414
/wiki/Tonic_vibration_reflex,418
/wiki/Lower_Risk,602
/wiki/Northern_Europe,34305
/wiki/Saichania,1179
/wiki/Clothing_in_ancient_Egypt,16070
/wiki/Genetic_diversity,14027
/wiki/European_mainland,192
/wiki/West_Semitic_languages,1975
/wiki/Reflex,18501
/wiki/Conserved_signature_indels,282
/wiki/Upper_Egypt,8996
/wiki/Kingdom_of_Prussia,71541
/wiki/Northern_Eastern_Sudanic_languages,21
/wiki/Vocal_cords,2235
/wiki/Arab_Academy_of_Damascus,486
/wiki/Cultural_depictions_of_cats,4402
/wiki/Alexander_the_Great,362204
/wiki/Linnaea_borealis,313
/wiki/Tibetan_antelope,6358
/wiki/Rejection_of_evolution_by_religious_groups,-1
/wiki/Lyase,3427
/wiki/Chinese_mountain_cat,6585
/wiki/Palatal_consonant,5138
/wiki/Thermographic_camera,16357
/wiki/Gaeltacht,9250
/wiki/Sardinia,69380
/wiki/Patronymic,36633
/wiki/Manx_cat,25290
/wiki/Endonym_and_exonym,115
/wiki/Hypothermia,101950
/wiki/Uganda,118711
/wiki/Alarm_signal,1313
/wiki/Mammal,128871
/wiki/Egyptian_Christianity,25
/wiki/William_Langland,3364
/wiki/Nandiniidae,1470
/wiki/Scotopic_vision,3860
/wiki/Roy_Crane,500
/wiki/African_Union,46683
/wiki/Maghrebi_Arabic,4370
/wiki/Seafood,22559
/wiki/Cervical_vertebrae,33690
/wiki/Scandinavia,149130
/wiki/MtDNA,2017
/wiki/Bacillus_subtilis,20075
/wiki/Colonial_morphology,-1
/wiki/Coptic_Orthodox_Church,2894
/wiki/Speed_of_light,143691
/wiki/Spectral_range,162
/wiki/Larynx,48354
/wiki/Human_eye,88433
/wiki/Carnassial,3099
/wiki/Stray_dog,1094
/wiki/Kuwait,337361
/wiki/Miocene,20225
/wiki/Cathode_ray_tube,53248
/wiki/Lagomorpha,14598
/wiki/Feral_cat,28122
/wiki/Cat_massage,1317
/wiki/Optical_heterodyne_detection,2390
/wiki/Zoroastrianism,229145
/wiki/Qasr_Ibrim,685
/wiki/Denmark,314747
/wiki/Reproductive_organ,783
/wiki/Tooth_enamel,21715
/wiki/Mural,21284
/wiki/English_orthography,11817
/wiki/First_language,26887
/wiki/African_Invertebrates,495
/wiki/Evidence_of_common_descent,17357
/wiki/Ennoblement,1422
/wiki/Mongolian_language,26220
/wiki/Classical_language,14939
/wiki/Dynasties_of_ancient_Egypt,-1
/wiki/Pendulum,50464
/wiki/Lumbar_vertebrae,20317
/wiki/Reproduction,37479
/wiki/Nile,113337
/wiki/Civilization,64928
/wiki/Southeast_Asia,117218
/wiki/Strobe_light,10639
/wiki/Tanintharyi_Region,2243
/wiki/List_of_countries_and_dependencies_by_area,261734
/wiki/Nickelodeon,92039
/wiki/Old_Nubian,354
/wiki/Narmer,18302
/wiki/Diodorus_Siculus,8103
/wiki/IETF_language_tag,5897
/wiki/Port_town,315
/wiki/Systema_Naturae,5830
/wiki/May_30,4564
/wiki/Romania,236029
/wiki/Early_modern_period,24930
/wiki/Sound,89981
/wiki/Muilla,200
/wiki/Leibniz,2615
/wiki/Urinary_incontinence,30317
/wiki/Territorial_marking,1213
/wiki/South_Asia,82452
/wiki/Ichthyology,7402
/wiki/Anal_wink,4236
/wiki/Genetic_variation,14934
/wiki/Bobwhite_quail,1503
/wiki/Richard_Pynson,444
/wiki/Coccyx,33730
/wiki/Cuckoo,27921
/wiki/Pantherinae,11694
/wiki/Springhare,1041
/wiki/Black_cat,25581
/wiki/List_of_feeding_behaviours,7076
/wiki/Abdominal_reflex,2889
/wiki/Moonlight,6991
/wiki/Social_predator,13
/wiki/Ryukyu_Islands,18603
/wiki/Coelom,14475
/wiki/Navel,41452
/wiki/Tubal_ligation,26842
/wiki/Fusional_language,6774
/wiki/Kaliningrad,59206
/wiki/Monogamous_pairing_in_animals,2285
/wiki/Plant_reproductive_morphology,8085
/wiki/Scorpion,78873
/wiki/South_African_National_Biodiversity_Institute,39
/wiki/Christian_Era,644
/wiki/Chasmaporthetes,1067
/wiki/Golden_retrievers,211
/wiki/Gular_fluttering,92
/wiki/Fever,97907
/wiki/Hedgehog,83167
/wiki/Ultraviolet_light,3586
/wiki/Fowling,640
/wiki/Berehove_Raion,295
/wiki/German_as_a_minority_language,930
/wiki/Ernest_Ingersoll,497
/wiki/Middle_English_orthography,93
/wiki/Library_of_Congress,40101
/wiki/Upper_house,17338
/wiki/Egyptian_Civil_Code,755
/wiki/Urine,45179
/wiki/Morepork,2506
/wiki/Seed_predator,66
/wiki/Arabs,69653
/wiki/Moscow_State_University,17204
/wiki/Henan_Province,700
/wiki/Homo,49373
/wiki/Embalming,35088
/wiki/Daylight,8632
/wiki/American_ermine,-1
/wiki/Photocathode,1565
/wiki/Phylogenetic_tree,26023
/wiki/Animal_cognition,10445
/wiki/Latin,124509
/wiki/Nepali_language,31864
/wiki/Transmutation_of_species,3804
/wiki/Tunicate,18310
/wiki/Sunda_Island_tiger,-1
/wiki/Bacteria,128812
/wiki/Turaco,3045
/wiki/Periodization_of_ancient_Egypt,-1
/wiki/Gulf_of_Bothnia,5315
/wiki/Silurian,21564
/wiki/Sunda_leopard_cat,-1
/wiki/Phalangeriformes,601
/wiki/SI,10299
/wiki/Energy_in_Egypt,2677
/wiki/Jaguar,153932
/wiki/American_woodcock,4228
/wiki/Lake_Baikal,73223
/wiki/Roman_naming_conventions,10507
/wiki/Vibration,28542
/wiki/History_of_Egypt_under_the_Muhammad_Ali_dynasty,3888
/wiki/Electric_arc,16489
/wiki/Ninth_Dynasty_of_Egypt,1016
/wiki/Callitrichids,80
/wiki/The_Frogs,5289
/wiki/Human_interaction_with_cats,7496
/wiki/Transducer,38812
/wiki/Cairo,73730
/wiki/Abu_Dhabi_Marathon,-1
/wiki/Mathematics_Genealogy_Project,5599
/wiki/Diastema,10728
/wiki/Western_European_Time,4213
/wiki/Far_East,20855
/wiki/Bacterial_cell_structure,43149
/wiki/Automotive_night_vision,4441
/wiki/Physician,59095
/wiki/Johannes_Palmberg,153
/wiki/Western_European_Summer_Time,1898
/wiki/Syria,281425
/wiki/Thirteen_Colonies,118692
/wiki/Socotra,45980
/wiki/Khedivate_of_Egypt,7043
/wiki/Ecotype,3063
/wiki/Pompilidae,844
/wiki/Celtic_Sea,7114
/wiki/Sternum,29214
/wiki/Endangered_Species_Act_of_1973,267
/wiki/Felis,11284
/wiki/Ctenophora,13410
/wiki/Rectory,1307
/wiki/M1_Carbine,6440
/wiki/Early_Modern_Irish,243
/wiki/Musurgia_Universalis,34
/wiki/Archaic_Egyptian_language,698
/wiki/Human_evolution,131518
/wiki/Egg_predation,-1
/wiki/Cirrus_Aircraft,5383
/wiki/Caspian_tiger,19162
/wiki/Third_Intermediate_Period_of_Egypt,5228
/wiki/Hemichordate,4145
/wiki/Dance_in_ancient_Egypt,2217
/wiki/Frequency_counter,4209
/wiki/Jokes,1504
/wiki/Automatic_behavior,1597
/wiki/List_of_cat_breeds,55757
/wiki/American_Veterinary_Medical_Association,1886
/wiki/Wild_animal,2005
/wiki/Electromagnetic_spectrum,112105
/wiki/List_of_endangered_species_in_North_America,5845
/wiki/Greeks,41090
/wiki/Anno_Domini,145630
/wiki/Ptolemaic_period,527
/wiki/Applications_of_evolution,1039
/wiki/Patella_vulgata,1759
/wiki/African_civet,6069
/wiki/Botanischer_Garten_Karlsruhe,158
/wiki/Chinchilla,83450
/wiki/Ptolemaic_Egypt,6477
/wiki/Constitution_of_Ireland,8665
/wiki/Victor_Loche,186
/wiki/Mongrel,26767
/wiki/Animal_migration,9846
/wiki/Austronesian_peoples,18966
/wiki/Grassland,42094
/wiki/Angelo_Emo,535
/wiki/Tool_use_in_animals,208
/wiki/Primitive_Irish,2578
/wiki/Kurdish_languages,16221
/wiki/Mustela_richardsonii,-1
/wiki/Temple_of_Edfu,3747
/wiki/Research_Institute_for_Linguistics_of_the_Hungarian_Academy_of_Sciences,234
/wiki/Anglic_languages,2955
/wiki/Model_organism,11230
/wiki/Johann_Friedrich_Gmelin,1109
/wiki/Theban_Necropolis,1875
/wiki/Megaannum,11496
/wiki/Religion_in_Egypt,14551
/wiki/John_Edward_Gray,3147
/wiki/Late_Paleocene,466
/wiki/Ossify,262
/wiki/Nandina,7572
/wiki/Local_extinction,9913
/wiki/Uterine_horns,2534
/wiki/Ecological_genetics,1241
/wiki/Darkness,9186
/wiki/Piacenzian,1662
/wiki/Austronesian_languages,22979
/wiki/List_of_languages_by_first_written_accounts,40923
/wiki/West_Low_German,1553
/wiki/Samuel_Pepys,34010
/wiki/List_of_days_of_the_year,-1
/wiki/Classical_Latin,9206
/wiki/Polygyny_in_nature,578
/wiki/Purr,17642
/wiki/Animal,188439
/wiki/List_of_countries_and_dependencies_by_population,227258
/wiki/State_of_Palestine,99259
/wiki/President_of_Egypt,12221
/wiki/British_Isles,42499
/wiki/Spermatogonium,2863
/wiki/Timbre,28119
/wiki/Precambrian,35922
/wiki/Modern_English,10062
/wiki/Acts_of_Union_1707,19825
/wiki/Dewclaw,22992
/wiki/Biogeography,12508
/wiki/British_Asian,12945
/wiki/Amino_acid,171590
/wiki/House_mouse,27715
/wiki/Ichneumon_wasp,609
/wiki/Canadian_Veterinary_Medical_Association,2
/wiki/Dair_language,17
/wiki/Autosomal,2493
/wiki/Samuel_Taylor_Coleridge,43030
/wiki/Prionailurus,3089
/wiki/Alexander_Roslin,1874
/wiki/L2_speakers,3959
/wiki/Norman_de_Garis_Davies,49
/wiki/Westphalia,14295
/wiki/Nubian_languages,2300
/wiki/James_VI_and_I,177510
/wiki/Upper_and_Lower_Egypt,11482
/wiki/Federal_Agency_for_Nature_Conservation,372
/wiki/Caucasian_wildcat,115
/wiki/Theistic_evolution,10495
/wiki/Jerez_de_la_Frontera,10667
/wiki/British_people,47886
/wiki/Cycle_per_second,3203
/wiki/Vojvodina,14937
/wiki/Cinema_of_Egypt,3082
/wiki/Sperm,70788
/wiki/Khafre,1836
/wiki/Hyena,74430
/wiki/Sweden,316579
/wiki/Celtic_language_family,9
/wiki/Hamster,62357
/wiki/Ediacaran,8420
/wiki/Morocco,266511
/wiki/Thesis,54824
/wiki/Lumbar_spinal_nerve_3,482
/wiki/Lophocyonidae,-1
/wiki/Tabby_cat,54449
/wiki/Multilingual,2364
/wiki/James_Bruce,1678
/wiki/Antal_Reguly,171
/wiki/Glossary_of_evolutionary_biology,-1
/wiki/Prairie_dog,23244
/wiki/Reconstructed_language,456
/wiki/Reindeer,57673
/wiki/Peter_Ascanius,333
/wiki/Ancient_Greek,68191
/wiki/Monotreme,39308
/wiki/Monotremata,4283
/wiki/Nocturnality,16354
/wiki/Russian_Far_East,16434
/wiki/Neutering,25554
/wiki/Spiders,2616
/wiki/Fourteenth_Dynasty_of_Egypt,1431
/wiki/Neogale,-1
/wiki/Radio_wave,41489
/wiki/Christianity,199110
/wiki/Echinopsis_pachanoi,16244
/wiki/Coptic_Canadians,181
/wiki/List_of_sovereign_states_and_dependent_territories_in_Asia,24664
/wiki/Palmomental_reflex,3593
/wiki/Zoological_specimen,1023
/wiki/Northern_Germany,5025
/wiki/Nonconcatenative_morphology,1387
/wiki/History_of_Egypt_under_the_British,9756
/wiki/United_Nations,293759
/wiki/English_Channel,46044
/wiki/Paraguay,66537
/wiki/Edward_Lee_Greene,292
/wiki/Ultrasound,65461
/wiki/Central_Asia,58131
/wiki/European_wildcat,9560
/wiki/Cone_cell,19160
/wiki/Maximilian_Hell,700
/wiki/Type_specimen,795
/wiki/East_Asia,62074
/wiki/Baffin_Island,19587
/wiki/Bilateria,8156
/wiki/Bipedalism,14056
/wiki/Coptic_music,663
/wiki/Vladimir_Geptner,-1
/wiki/Manx_language,16927
/wiki/Investiture_of_the_Archangel_Michael,-1
/wiki/Boidae,6218
/wiki/Syriac_language,16131
/wiki/Phylogenetic,2380
/wiki/Volga_River,29394
/wiki/Crops,1615
/wiki/Gelding,16218
/wiki/BioOne,691
/wiki/Eusebius_McKaiser,-1
/wiki/Classical_Gaelic,618
/wiki/Mammalogy,2121
/wiki/Kadaru_language,21
/wiki/Open_vowel,3190
/wiki/Bear,99616
/wiki/Herpetology,10628
/wiki/Electromagnet,38623
/wiki/Outer_nuclear_layer,628
/wiki/Iriomote_Island,250
/wiki/Hay,20484
/wiki/Yiddish_language,24646
/wiki/Russian_invasion_of_Ukraine,207
/wiki/Savanna,36726
/wiki/Ottoman_Empire,372966
/wiki/Old_Egyptian_language,852
/wiki/A_Dictionary_of_the_English_Language,8782
/wiki/Indian_rhinoceros,24926
/wiki/Saqqara,10060
/wiki/Feline_asthma,2779
/wiki/The_Oxford_English_Dictionary,374
/wiki/Altacreodus,-1
/wiki/Siberian_tiger,61598
/wiki/Scratch_reflex,1728
/wiki/Caudofemoralis,267
/wiki/Shrubland,6065
/wiki/Television_in_Egypt,982
/wiki/Germans,42653
/wiki/Threatened_species,7000
/wiki/Integument,2824
/wiki/Facial_nerve,41851
/wiki/Ciliate,10750
/wiki/Flea,42454
/wiki/Coptic_history,1833
/wiki/Tetrapod,20035
/wiki/Isle_of_Man,150625
/wiki/Kellas_cat,3052
/wiki/Evolutionary_computation,6392
/wiki/Nuba_mountains,185
/wiki/Eristalis,443
/wiki/Theology,35251
/wiki/Hindi_language,69631
/wiki/Feral_animal,10266
/wiki/Museum_of_Fine_Arts_of_Lyon,1231
/wiki/Western_Sahara,57581
/wiki/Theodor_Haltenorth,440
/wiki/Slug,26149
/wiki/Azerbaijan,179991
/wiki/Iranian_peoples,26533
/wiki/Hertz,65942
/wiki/Homo_sapiens,118057
/wiki/Hungarian_cs,250
/wiki/Paleontology,38088
/wiki/Lancelet,9565
/wiki/List_of_radio_stations_in_Egypt,1136
/wiki/Comparative_anatomy,8572
/wiki/Puppy_cat,43950
/wiki/Vertebral_lines,-1
/wiki/Laboratory_experiments_of_speciation,-1
/wiki/Working_cat,162
/wiki/Subtribe,444
/wiki/Venetian_bombardments_of_the_Beylik_of_Tunis,-1
/wiki/China,589550
/wiki/Cat,288262
/wiki/Resonance,50016
/wiki/2023_PGA_Championship,-1
/wiki/Elizabethan_literature,6552
/wiki/University_of_Strasbourg,5442
/wiki/Creodonta,2303
/wiki/Ptolemy_XII_Auletes,6334
/wiki/New_Zealand_Threat_Classification_System,345
/wiki/Zoogeography,1478
/wiki/Front_vowel,7987
/wiki/Eifel,4652
/wiki/Lower_house,14514
/wiki/Ornithology,19988
/wiki/High_German_languages,7593
/wiki/Ground_reaction_force,2201
/wiki/Indigenous_language,3765
/wiki/Tamezo_Mori,239
/wiki/Great_Vowel_Shift,22623
/wiki/Abscission,4366
/wiki/Motor_neuron,18954
/wiki/Alabaster,21018
/wiki/Subphylum,2333
/wiki/Lion_taming,2749
/wiki/List_of_islands_of_the_United_Kingdom,6802
/wiki/Alaska,251513
/wiki/Middle_Eocene,485
/wiki/Asymmetrical_tonic_neck_reflex,7466
/wiki/Old_Nubian_language,2325
/wiki/Welsh_language,64568
/wiki/Average,29637
/wiki/Indian_leopard,9494
/wiki/1468,664
/wiki/Binding_over,1984
/wiki/XDNA,319
/wiki/John_Gould,2823
/wiki/Bacterial_cellular_morphologies,6002
/wiki/Fertile_Crescent,30935
/wiki/Digital_display,617
/wiki/Masseter,2228
/wiki/Baruch_Spinoza,45910
/wiki/Eleventh_Dynasty_of_Egypt,1948
/wiki/Whiskers,9210
/wiki/Tyndale_Bible,7621
/wiki/Pilgrim,14734
/wiki/High_German,2409
/wiki/Georgian_era,111941
/wiki/Serotonin,145523
/wiki/Nominate_subspecies,1769
/wiki/Least_concern,2937
/wiki/Olof_Celsius,337
/wiki/Phylum,42620
/wiki/Evolutionary_physiology,1342
/wiki/Guinea_pig,96506
/wiki/Centers_for_Disease_Control_and_Prevention,44887
/wiki/Rescue_group,379
/wiki/Feline_zoonosis,1092
/wiki/First_Folio,14375
/wiki/Larvacean,47
/wiki/European_Russia,13060
/wiki/Hungarians,25348
/wiki/Lighting,22153
/wiki/Metrorrhagia,9155
/wiki/Lichen,53321
/wiki/Palmar_grasp_reflex,4685
/wiki/Linguistic_imperialism,4392
/wiki/Puberty,81419
/wiki/Coptic_Australians,294
/wiki/Hover_fly,178
/wiki/Karaginsky_Island,660
/wiki/Copts_in_Sudan,894
/wiki/Anatomical_terms_of_location,70092
/wiki/Sine_wave,38052
/wiki/Creodont,1005
/wiki/Ocean_surface_wave,2691
/wiki/Kartvelian_languages,8215
/wiki/Trout,30484
/wiki/Landrace,14855
/wiki/East_Low_German,1318
/wiki/Tiger_shark,42500
/wiki/Eighteenth_Dynasty_of_Egypt,8881
/wiki/Ob_river,243
/wiki/Diode,86986
/wiki/Cat_righting_reflex,7790
/wiki/Galen,30937
/wiki/West_Germanic_languages,26450
/wiki/Hungarian_names,5010
/wiki/Cervix,64293
/wiki/Egyptology,8794
/wiki/Temporal_fossa,2354
/wiki/Proper_noun,18673
/wiki/Felinine,298
/wiki/Pitcher_plant,16979
/wiki/Sundew,3057
/wiki/Votive_offering,3883
/wiki/Monarchy_of_the_United_Kingdom,57562
/wiki/Viverroidea,267
/wiki/Binomial_nomenclature,59264
/wiki/Placenta,70196
/wiki/Bahrani_Arabic,1560
/wiki/Ahmad_Kamal,306
/wiki/Norman_French,1531
/wiki/Burgenland,6849
/wiki/Phonetics,38642
/wiki/Liturgical_language,1957
/wiki/Coptology,485
/wiki/Osorkon_II,1886
/wiki/Ghulfan_language,23
/wiki/Tagalog_language,55355
/wiki/Oder,6732
/wiki/Sohar,5451
/wiki/Tame_animal,3885
/wiki/Uralic_language,491
/wiki/Hungarian_zs,255
/wiki/Erythroxylum_coca,3031
/wiki/Uerdingen_line,638
/wiki/Veterinary_anesthesia,1859
/wiki/Wadi_Halfa,2113
/wiki/Cat_senses,14323
/wiki/Dutch_Republic,34676
/wiki/Goose,29120
/wiki/Apomorphy_and_synapomorphy,-1
/wiki/Caniform,635
/wiki/Neolithic,70185
/wiki/Peptidase,783
/wiki/Allium,15531
/wiki/Neuroanatomy,6558
/wiki/Encyclopedia,98251
/wiki/Seed_predation,1359
/wiki/Body_temperature,3902
/wiki/Molecular_anatomy,491
/wiki/Old_Hungarian_script,2329
/wiki/Phenotypic_trait,8807
/wiki/William_Shakespeare,588861
/wiki/Levant,120040
/wiki/Of_Plymouth_Plantation,5765
/wiki/Cat_meat,12557
/wiki/Pistil,1527
/wiki/Lumbar_spinal_nerve_4,558
/wiki/Zoologist,2265
/wiki/Dog,294653
/wiki/Jacob_Turkel,167
/wiki/American_Shorthair,16235
/wiki/Arctic_Archipelago,191
/wiki/Vestibulocochlear_nerve,12641
/wiki/Thomas_Hobbes,88802
/wiki/Camel,92316
/wiki/Middle_Pleistocene,4059
/wiki/International_Code_of_Nomenclature_of_Prokaryotes,-1
/wiki/Egyptian_verb,-1
/wiki/Beetle,34223
/wiki/Antarctica,249365
/wiki/Infrared_sensing_in_snakes,4062
/wiki/Edmund_Heller,742
/wiki/Pupil,24039
/wiki/Mukachevo_Raion,82
/wiki/Scottish_Gaelic,41966
/wiki/Glottal_consonant,4674
/wiki/House_cat,903
/wiki/Feliform,451
/wiki/Reptiles,4339
/wiki/Veterinary_medicine,16822
/wiki/Meroitic_language,1525
/wiki/Jellyfish,87822
/wiki/Aging_in_cats,29
/wiki/Endonym,7886
/wiki/Coptic_philosophy,-1
/wiki/Feline_vaccination,4508
/wiki/Thomas_Edward_Bowdich,670
/wiki/Altricial,6233
/wiki/Primitive_reflexes,21594
/wiki/George_Clifford_III,281
/wiki/Holocene,61041
/wiki/Bumblebee_bat,1502
/wiki/Synapsid,17454
/wiki/Thinzar_Shunlei_Yi,-1
/wiki/Reptiliomorph,172
/wiki/Necrosis,68361
/wiki/Tendon,31621
/wiki/Kellogg_Company,13136
/wiki/Academy_of_the_Arabic_Language_in_Cairo,669
/wiki/Clonus,19158
/wiki/Unit_of_time,13024
/wiki/Taxon,17631
/wiki/Birds_Directive,628
/wiki/History_of_the_Hungarian_language,1912
/wiki/Saudi_Arabia,513245
/wiki/Parapatric_speciation,2654
/wiki/Mozzetta,2267
/wiki/Micropredator,-1
/wiki/Squitten,2841
/wiki/Linguist_List,681
/wiki/Sports_in_Egypt,65
/wiki/Turkish_language,50713
/wiki/Hyperthermia,35767
/wiki/Ancient_Greek_language,7122
/wiki/Carnivores,892
/wiki/Bacterial_nomenclature,8
/wiki/Roman_Egypt,1404
/wiki/May_31,5238
/wiki/Coordinated_Universal_Time,132558
/wiki/Alodia,1759
/wiki/Romanticism,188561
/wiki/Animal_communication,11240
/wiki/Netherlands,365983
/wiki/Hiccup,37441
/wiki/Virginia,145489
/wiki/Encyclopedia_Americana,5398
/wiki/Dispersion_relation,9275
/wiki/Pierre_Magnol,540
/wiki/Rhododendron,25736
/wiki/Diurnality,14985
/wiki/Cathemerality,921
/wiki/Scavenger,17200
/wiki/Monophthong,5716
/wiki/Gymnasieskola,233
/wiki/Beaver,65248
/wiki/History_of_modern_Egypt,3930
/wiki/Hungarian_verbs,1632
/wiki/Predator,10078
/wiki/Mosquito,88506
/wiki/Mustelid,5598
/wiki/Catholic_monarch,202
/wiki/Bacteriology,5506
/wiki/Sami_people,80380
/wiki/Invasive_species,31156
/wiki/Breed_registry,3059
/wiki/John_Guillim,230
/wiki/Transcaucasia,6575
/wiki/Lars_Roberg,312
/wiki/Onomatopoeia,83551
/wiki/Double_acute_accent,2491
/wiki/Hyoid_bone,19968
/wiki/Conserved_name,777
/wiki/Biology,111680
/wiki/Monogamy_in_animals,3317
/wiki/Hungarian_grammar,6328
/wiki/Religion_in_the_United_Kingdom,34095
/wiki/Planarian,18107
/wiki/Extinct_in_the_wild,29134
/wiki/Luri_language,2863
/wiki/Stuart_Restoration,169
/wiki/Electromagnetic_wave,6791
/wiki/Sertoli_cell,10065
/wiki/Data_deficient,2047
/wiki/Seventeenth_Dynasty_of_Egypt,1490
/wiki/Egressive,262
/wiki/Ungulate,29440
/wiki/World_Cat_Federation,3
/wiki/Albertus_Seba,864
/wiki/Paramecium,35182
/wiki/Mediterranean,11149
/wiki/Linguistics,82141
/wiki/Lake_Nasser,4558
/wiki/Masseter_muscle,11748
/wiki/Classical_antiquity,38387
/wiki/Amblyomma_americanum,3093
/wiki/Holy_Roman_Empire,163796
/wiki/Amur_Oblast,5702
/wiki/Egypt_Exploration_Society,656
/wiki/French_campaign_in_Egypt_and_Syria,13789
/wiki/Josef_Newgarden,1455
/wiki/Sea_stars,641
/wiki/Meroitic_script,1502
/wiki/Telecommunications_in_Egypt,1281
/wiki/Nenets_languages,1787
/wiki/Frequency_changer,3838
/wiki/Domestic_cat,8544
/wiki/Cynodont,5241
/wiki/Russian_Federation,12433
/wiki/Hungarian_phonology,1898
/wiki/Little_owl,6630
/wiki/Dieu_et_mon_droit,11970
/wiki/Symmetrical_tonic_neck_reflex,1993
/wiki/Konstantin_Satunin,-1
/wiki/Dongolawi_language,255
/wiki/Inner_ear,16531
/wiki/Aerial_locomotion,194
/wiki/Ebro,8512
/wiki/Glottis,10184
/wiki/Wayback_Machine,50476
/wiki/Alps,70445
/wiki/Old_Saxon,5025
/wiki/Ernst_Haeckel,20498
/wiki/Anal_sex,337927
/wiki/Revolution_per_minute,47
/wiki/Nubi_language,939
/wiki/Bling,1358
/wiki/Heterodyne,8561
/wiki/Beaumont_and_Fletcher,1047
/wiki/Auditory_bulla,874
/wiki/Eighth_Dynasty_of_Egypt,237
/wiki/Orca,15312
/wiki/Pig,68137
/wiki/Ardennes,19237
/wiki/Falun,4109
/wiki/Georg_Dionysius_Ehret,498
/wiki/Bolivia,120955
/wiki/History_of_paleontology,3528
/wiki/Simple_harmonic_motion,43969
/wiki/Grazing,10990
/wiki/Nuba_Mountains,2040
/wiki/Hungarian_dz,215
/wiki/Hebrew_language,79525
/wiki/Vepsians,4022
/wiki/Mimicry,16063
/wiki/Habitat,27485
/wiki/Poland,272529
/wiki/Fascia,38906
/wiki/Cyprus_cat,2698
/wiki/Zhongxiniscus,477
/wiki/John_Prine,24742
/wiki/Tarsiers,639
/wiki/Natural_language,12865
/wiki/Monophyly,9101
/wiki/Qatar,319807
/wiki/Military_forces,568
/wiki/Cassowary,46715
/wiki/Family_name,52837
/wiki/Chionodoxa,901
/wiki/Hungarian_orthography,873
/wiki/Declared_Rare_and_Priority_Flora_List,124
/wiki/East_Frisians,356
/wiki/Genotype,25696
/wiki/Wallaby,36709
/wiki/DNA,244298
/wiki/Irvingtonian,690
/wiki/Permic_languages,1780
/wiki/Caprifoliaceae,1673
/wiki/Gaston_Maspero,1291
/wiki/Pleistocene,60163
/wiki/Sprachraum,1636
/wiki/Domestication_of_the_cat,-1
/wiki/Germany,532728
/wiki/Scottish_Fold,34418
/wiki/Dalarna,4455
/wiki/Kookaburra,20918
/wiki/Fifth_Dynasty_of_Egypt,3710
/wiki/Health_in_Egypt,1218
/wiki/Incisors,1249
/wiki/Borjomi,1709
/wiki/Ancient_Egyptian_deities,24448
/wiki/Multiplicative_inverse,14123
/wiki/Nomenclature_code,256
/wiki/Gastrocolic_reflex,4808
/wiki/Cephalopod,75299
/wiki/Cervical_spinal_nerve_8,4106
/wiki/Contemporary_art_in_Egypt,771
/wiki/International_Booker_Prize,21
/wiki/Latitude,76870
/wiki/Canidae,63323
/wiki/Centipede,57828
/wiki/Circadian_rhythm,67423
/wiki/Bremen,35522
/wiki/Plautdietsch,3586
/wiki/Vynohradiv_Raion,168
/wiki/Language_change,8284
/wiki/List_of_Theban_tombs,807
/wiki/International_Union_of_Biological_Sciences,594
/wiki/Modern_South_Arabian_languages,1877
/wiki/Nocturnal,5923
/wiki/Near_infrared,1107
/wiki/Sea_urchin,54899
/wiki/Irish_diaspora,14052
/wiki/Bats,2810
/wiki/Grammatical_number,7620
/wiki/Ben_Jonson,24454
/wiki/Gene,63933
/wiki/Foraging,8419
/wiki/Peter_Simon_Pallas,2123
/wiki/Fox,98720
/wiki/Snow,76768
/wiki/Coptic_art,1625
/wiki/Roman_Emperors,968
/wiki/Moro_reflex,26515
/wiki/Greek_alphabet,329783
/wiki/Goidelic_languages,18927
/wiki/Dutch_East_India_Company,47287
/wiki/Promiscuity,39315
/wiki/Twentieth_Dynasty_of_Egypt,2197
/wiki/Latin_grammar,7916
/wiki/Quadrupedalism,5617
/wiki/History_of_Ireland,30840
/wiki/Sunset,26779
/wiki/Vermin,11552
/wiki/Transcarpathian_region,37
/wiki/Samoyed_languages,213
/wiki/University_of_Harderwijk,438
/wiki/Fur,19114
/wiki/Latin_language,28970
/wiki/Lordosis_behavior,14559
/wiki/CGPM,913
/wiki/Hartekamp,242
/wiki/Selective_breeding,23939
/wiki/Karen_Lumley,820
/wiki/Benguela,2552
/wiki/Evolutionary_anthropology,2382
/wiki/Spinal_cord,65593
/wiki/US_Army,7295
/wiki/Debri_language,12
/wiki/Darfur,21030
/wiki/Snow_leopard,89309
/wiki/Evolutionary_developmental_biology,5263
/wiki/States_of_Germany,57504
/wiki/English_Renaissance,19938
/wiki/Thermal_imaging_camera,476
/wiki/British_Summer_Time,11775
/wiki/Myomorpha,1103
/wiki/Isis,193884
/wiki/Moose,88751
/wiki/Persian_language,109796
/wiki/Uppsala_Cathedral,2566
/wiki/Kingdom_of_Egypt,8645
/wiki/Bowhead_whale,22494
/wiki/Octopus,101276
/wiki/Tsushima_Islands,108
/wiki/Fenni,983
/wiki/Iberian_Peninsula,62607
/wiki/Human,188322
/wiki/Spatial_frequency,6553
/wiki/Vernacular,95374
/wiki/Killdeer,5501
/wiki/Monophyletic,4520
/wiki/Wallaroo,9502
/wiki/Limestone,65433
/wiki/Biosocial_criminology,1780
/wiki/Keratin,48041
/wiki/Resin,44588
/wiki/Gilaki_language,2264
/wiki/Subgenus,1339
/wiki/Subspecies,20613
/wiki/Conodont,4301
/wiki/Plantigrade,6352
/wiki/Nominative_case,10588
/wiki/Yemen,147012
/wiki/Thoracic_vertebrae,19122
/wiki/Chordate,69179
/wiki/Antipredator_adaptation,3277
/wiki/Aristophanes,25178
/wiki/Domestication,32521
/wiki/Cushitic_languages,8469
/wiki/Tradescantia_virginiana,437
/wiki/Merritt_Ruhlen,682
/wiki/Sicily,97693
/wiki/Australia,669758
/wiki/Belgian_Congo,26930
/wiki/Hellenistic_period,38599
/wiki/Thermal_imaging_device,-1
/wiki/Mandible,17063
/wiki/Yunnanozoon,544
/wiki/Afroasiatic,509
/wiki/Abiogenesis,47545
/wiki/Plant,95200
/wiki/Phoneme,34179
/wiki/Deciduous_dentition,300
/wiki/Species_complex,3208
/wiki/Communicate,668
/wiki/Kordofan,765
/wiki/Estrus,7744
/wiki/Jaw_jerk_reflex,4571
/wiki/Orthography,16332
/wiki/Classical_Arabic,7287
/wiki/Guangdong,46504
/wiki/Herbivory,1674
/wiki/Argument_of_a_function,3404
/wiki/Stop_consonant,10478
/wiki/Claw,9131
/wiki/Sami_language,1645
/wiki/Telephone_numbers_in_the_United_Kingdom,57586
/wiki/Virus_nomenclature,8
/wiki/Skunk,46225
/wiki/Biological_interaction,27354
/wiki/Lobsters,980
/wiki/Standard_German,6745
/wiki/Chelae,322
/wiki/Arnold_von_Harff,254
/wiki/Mali,91254
/wiki/Salp,7481
/wiki/List_of_countries_by_Human_Development_Index,191555
/wiki/Early_Irish_literature,2222
/wiki/Tame_elephant,152
/wiki/Lolcat,10748
/wiki/Elizabethan_era,46262
/wiki/August_Strindberg,13755
/wiki/Aeluroidea,303
/wiki/Human_rights_in_Egypt,1873
/wiki/Copts_in_Egypt,1506
/wiki/Asiatic_linsang,2310
/wiki/Heart_rate,80914
/wiki/Rice_Krispies,12635
/wiki/Thirtieth_Dynasty_of_Egypt,1408
/wiki/Rheims,1413
/wiki/Universal_Darwinism,2009
/wiki/Mukden,1531
/wiki/Dutch_language,84887
/wiki/American_Cat_Fanciers_Association,719
/wiki/Bobcat,93457
/wiki/Tenrec,8418
/wiki/Fernand_Lataste,173
/wiki/Bat,76706
/wiki/Munster_Irish,1455
/wiki/Reptile,70843
/wiki/International_Phonetic_Alphabet,146783
/wiki/Colourpoint_Shorthair,151
/wiki/Baladi,2111
/wiki/Herodotus,54838
/wiki/Parasitism,42411
/wiki/Allogrooming,406
/wiki/Unitary_state,50740
/wiki/Kangaroo_rat,9635
/wiki/Cat_body_type_genetic_mutation,100
/wiki/Braincase,520
/wiki/Manubrium,1585
/wiki/Baroreflex,10049
/wiki/Old_Kingdom_of_Egypt,25609
/wiki/Frequency_meter,1841
/wiki/Austria,228919
/wiki/Nobatia,1213
/wiki/Walter_Lawry_Buller,57
/wiki/Wombat,63477
/wiki/Mari_language,2918
/wiki/Sheep,83807
/wiki/Japanese_Bobtail,10901
/wiki/Pheromones,2675
/wiki/Russian_language,97704
/wiki/Sic,112188
/wiki/Wildlife_of_Egypt,816
/wiki/Coptic_alphabet,8634
/wiki/Natural_selection,67947
/wiki/Bering_land_bridge,3178
/wiki/Leopard_cat,23842
/wiki/Before_Christian_Era,35
/wiki/Germanic_peoples,69219
/wiki/Ob_River,8726
/wiki/Rupture_of_membranes,6689
/wiki/Menes,13102
/wiki/Jacobean_era,14284
/wiki/Eureka_effect,6650
/wiki/Karl_Linnas,980
/wiki/Clavicle,35477
/wiki/Breeder,1600
/wiki/Spanish_Fighting_Bull,6336
/wiki/Historical_linguistics,9137
/wiki/Paramiacis,90
/wiki/Algeria,163565
/wiki/19th_century,48718
/wiki/Sacred_language,7124
/wiki/Evolutionary_taxonomy,3356
/wiki/Romani_language,19911
/wiki/Ernst_Mayr,6148
/wiki/Official_language,20270
/wiki/Pharyngeal_slit,2701
/wiki/Common_descent,11248
/wiki/United_States_Fish_and_Wildlife_Service_list_of_endangered_species,693
/wiki/White_people_in_the_United_Kingdom,-1
/wiki/Pursuit_predation,1192
/wiki/Alfred_Verdross,1
/wiki/Science_News,2206
/wiki/Vertebral_column,29991
/wiki/Mauritania,81002
/wiki/Caudal_vertebrae,630
/wiki/Branchiostoma_lanceolatum,1532
/wiki/Conservation_Dependent,482
/wiki/Cat_Aficionado_Association,684
/wiki/Stamen,12067
/wiki/Middle_East,143841
/wiki/Old_Arabic,505
/wiki/Photopsin,1522
/wiki/Namibia,113880
/wiki/Necropolis,13857
/wiki/Olof_Rudbeck_the_Younger,334
/wiki/Nematophagous_fungus,856
/wiki/Great_Dane,96500
/wiki/Mediterranean_Basin,11084
/wiki/Black_rat,14744
/wiki/Accommodation_reflex,12225
/wiki/Craniate,3203
/wiki/Conservation_status_of_wolves_in_Europe,-1
/wiki/Scotland,243823
/wiki/Weasel,50858
/wiki/Newfoundland_and_Labrador,71439
/wiki/Cat_registry,1071
/wiki/Cuxhaven,3363
/wiki/Instinct,16712
/wiki/Magnolia_campbellii,546
/wiki/Frugivore,9415
/wiki/Deuterostome,13627
/wiki/Baltic_Sea,38999
/wiki/Fox_Broadcasting_Company,74348
/wiki/Middle_Bronze_Age,1900
/wiki/Entomology,26115
/wiki/Bouvier_des_Flandres,21493
/wiki/Uralic_languages,29591
/wiki/Carnivoraformes,-1
/wiki/Extensor_digitorum_reflex,525
/wiki/Central_nervous_system,63095
/wiki/Johann_Christian_Polycarp_Erxleben,616
/wiki/Middle_Irish,2049
/wiki/Twinflower,254
/wiki/Makuria,1973
/wiki/Cartilage,30834
/wiki/Cat_play_and_toys,1964
/wiki/Passer_domesticus,992
/wiki/Low_light_level_television,825
/wiki/Cat_behavior,20825
/wiki/Venomous_snake,21947
/wiki/Robert_Ernest_Cheesman,138
/wiki/Bombay_Presidency,7742
/wiki/Mecoptera,5326
/wiki/Asiatic_wildcat,2630
/wiki/National_Museum_of_Georgia,59
/wiki/Samuel_Gyarmathi,153
/wiki/Retina,42535
/wiki/Animals_in_professional_wrestling,-1
/wiki/African_leopard,10918
/wiki/Seat_belt,22256
/wiki/Acta_Zoologica,32
/wiki/Flag_of_the_United_Kingdom,48444
/wiki/Haida_ermine,-1
/wiki/Canid,6069
/wiki/Cat_fancy,1938
/wiki/Gorilla,93438
/wiki/Vandals,31712
/wiki/Domestication_of_animals,734
/wiki/Dimensionless_quantity,12148
/wiki/Oxford_English_Dictionary,46416
/wiki/Hebrides,21487
/wiki/Introduced_species,14486
/wiki/Politics_of_Egypt,10555
/wiki/Biological_specificity,1558
/wiki/Introduction_to_evolution,9366
/wiki/Marine_mammal,18729
/wiki/Crossed_extensor_reflex,2103
/wiki/Capybara,75589
/wiki/Taxonomic_rank,47268
/wiki/Species_at_Risk_Act,900
/wiki/Devonian,31598
/wiki/Vagus_nerve,72337
/wiki/Captain_Easy,662
/wiki/Greenland,261382
/wiki/Mogador,985
/wiki/Latin_declension,14796
/wiki/Biped,1852
/wiki/Early_Modern_English,16850
/wiki/Galapagos_hawk,1272
/wiki/Body_language,39784
/wiki/Rajasthan,123983
/wiki/Tamed,86
/wiki/Squid,62521
/wiki/Saltatorial,110
/wiki/Agriculture,121297
/wiki/Louis_Lavauden,51
/wiki/Incarnation,10177
/wiki/Namaqualand,2005
/wiki/Vertebra,28375
/wiki/Coptic_cross,5448
/wiki/Anomaluromorpha,780
/wiki/International_Commission_on_Zoological_Nomenclature,1069
/wiki/Umayyad_Caliphate,66136
/wiki/Midob_language,193
/wiki/Brandenburg,20224
/wiki/Wavelengths,686
/wiki/Crypsis,7046
/wiki/Natural_history,13755
/wiki/French_language,130167
/wiki/Egyptian_literature,2560
/wiki/National_Cat_Day,1765
/wiki/Libido,88077
/wiki/Apposition,7445
/wiki/Mice,2457
/wiki/Lazarus_taxon,14788
/wiki/Republic_of_Ireland,166572
/wiki/Honshu,26413
/wiki/Felid,2582
/wiki/Geography_of_the_United_Kingdom,14772
/wiki/Old_English_language,10742
/wiki/Pun,38759
/wiki/Voi,2099
/wiki/Horse_hoof,7090
/wiki/Second_Intermediate_Period_of_Egypt,5890
/wiki/Pika,23504
/wiki/Cervical_spinal_nerve_7,1259
/wiki/Metaspriggina,391
/wiki/Rat,58156
/wiki/Nigeria,283295
/wiki/Armenians,60692
/wiki/Sleep,83315
/wiki/American_Animal_Hospital_Association,741
/wiki/Amazon_river_dolphin,19126
/wiki/Genitive_case,16499
/wiki/Lists_of_organisms_by_population,9569
/wiki/Quechua_languages,8820
/wiki/Malay_language,36136
/wiki/Hardness,23968
/wiki/Singapore,516629
/wiki/Language_variety,262
/wiki/Ostsiedlung,4574
/wiki/Urali_language,272
/wiki/Startle_reflex,436
/wiki/Christian_Gottfried_Ehrenberg,1204
/wiki/Alopecia,21442
/wiki/Mitochondrial_Eve,28260
/wiki/Languages_of_Ireland,13285
/wiki/Sensu_stricto,1178
/wiki/Transylvania,87955
/wiki/Palgrave_Macmillan,4949
/wiki/Najdi_Arabic,2106
/wiki/Guard_hair,1497
/wiki/Northern_Cyprus,38188
/wiki/Medieval,15086
/wiki/Gulf_Arabic,3826
/wiki/List_of_Latin_and_Greek_words_commonly_used_in_systematic_names,11848
/wiki/Rodents,2447
/wiki/4th_millennium_BC,13064
/wiki/Munchkin,11199
/wiki/Zaza_language,3271
/wiki/Nazism,116371
/wiki/Forelimbs,47
/wiki/Old_Irish,5895
/wiki/Domestic_cats,374
/wiki/African_pygmy_mouse,988
/wiki/Timeline_of_paleontology,1412
/wiki/Holstein_interglacial,211
/wiki/Belgium,238444
/wiki/Terrestrial_locomotion,4258
/wiki/Audio_signal,15281
/wiki/Hungarian_ty,190
/wiki/Time_Shelter,-1
/wiki/Polygyny_in_animals,1859
/wiki/History_of_Egypt,25199
/wiki/Cats_in_ancient_Egypt,26673
/wiki/Spanish_language,121129
/wiki/Lists_of_IUCN_Red_List_near_threatened_species,1004
/wiki/Cervical_spinal_nerve_6,2526
/wiki/Lord_Arthur_Clinton,375
/wiki/Mitochondrial_DNA,32301
/wiki/Aardwolf,15812
/wiki/Molecular_genetics,6616
/wiki/Placentalia,7134
/wiki/Druze,83724
/wiki/Sociobiology,7835
/wiki/Oculomotor_nerve,19269
/wiki/Electronic_instrumentation,453
/wiki/Cat_coat_genetics,9434
/wiki/Perennial_plant,34655
/wiki/Italicize,42
/wiki/Ventral,5359
/wiki/Nijmegen,15987
/wiki/Critica_Botanica,193
/wiki/Coextinction,927
/wiki/English_Renaissance_theatre,19848
/wiki/Amniote,14372
/wiki/South_Ossetia,30494
/wiki/Actinopterygii,27349
/wiki/Conventional_Egyptian_chronology,1880
/wiki/Mammals,9151
/wiki/Dressage,18144
/wiki/Demography_of_Egypt,22
/wiki/Thuringia,21763
/wiki/Hippocrates,58902
/wiki/Illegal_drug_trade,33596
/wiki/Church_of_England,86219
/wiki/Barbary_Coast,13813
/wiki/2013,22482
/wiki/List_of_countries_and_dependencies_by_population_density,1712
/wiki/Startle_response,5514
/wiki/Cessna,21385
/wiki/Aymara_language,5927
/wiki/Glossary_of_scientific_naming,969
/wiki/Tanzania,153424
/wiki/Marsh_frog,1004
/wiki/Heterochromatin,12581
/wiki/Dog_communication,10827
/wiki/Psittacidae,3835
/wiki/Lizards,1555
/wiki/ISESCO,221
/wiki/Crabs,2202
/wiki/Ocelot,61221
/wiki/Aperture,37135
/wiki/North_Sea_Germanic,1280
/wiki/Book_of_Common_Prayer,23105
/wiki/Heartworm,1814
/wiki/Early_Modern_Britain,1405
/wiki/Northeast_Africa,3789
/wiki/Tic_Tac,13893
/wiki/Abkhaz_language,4323
/wiki/Hungarian_alphabet,5496
/wiki/Lists_of_extinct_animals,61978
/wiki/Nomenclatural_code,2
/wiki/Djibouti,107823
/wiki/Berber_languages,26567
/wiki/Electromyographic,151
/wiki/Governing_Council_of_the_Cat_Fancy,1086
/wiki/Type_species,7380
/wiki/Pet,36353
/wiki/Amphibian,68828
/wiki/Afroasiatic_languages,28750
/wiki/Abydos_Dynasty,959
/wiki/Gini_coefficient,119663
/wiki/Experimental_evolution,2778
/wiki/Rhodesia,83488
/wiki/Stoat,57532
/wiki/Common_chiffchaff,1965
/wiki/Malayan_weasel,1339
/wiki/DC_Comics,143690
/wiki/Arthropod_leg,5248
/wiki/Medieval_Latin,7632
/wiki/Lund,16652
/wiki/Bodega_cat,-1
/wiki/Japanese_Archipelago,1522
/wiki/Altai_Mountains,16524
/wiki/Literary_language,4385
/wiki/History_of_life,584
/wiki/Pollination,25667
/wiki/Vernon_Simeon_Plemion_Grant,279
/wiki/Systematics,8727
/wiki/Sine_function,591
/wiki/Hungarian_sz,233
/wiki/Morphometrics,3362
/wiki/Eulipotyphla,5187
/wiki/Coptic_calendar,9457
/wiki/Egyptian_mongoose,3375
/wiki/Tudor_period,24550
/wiki/William_Caxton,8952
/wiki/Lists_of_IUCN_Red_List_endangered_species,3975
/wiki/English_language,350036
/wiki/IUCN_Red_List_extinct_in_the_wild_species,10146
/wiki/Animal_mummy,3376
/wiki/Tendon_reflex,3977
/wiki/Islam_in_the_United_Kingdom,26592
/wiki/Tapocyon,88
/wiki/Penile_spines,26027
/wiki/Arab_League,49545
/wiki/United_States_of_America,55934
/wiki/Nephrozoa,1911
/wiki/Expedition_to_Lapland,346
/wiki/Pound_sterling,106633
/wiki/Second_Dynasty_of_Egypt,2631
/wiki/Evolutionary_psychology,25472
/wiki/Dental_health_diets_for_cats,112
/wiki/Malagasy_fauna,79
/wiki/Language_Contact_and_Lexical_Enrichment_in_Israeli_Hebrew,295
/wiki/South_Africa,363503
/wiki/Cat_anatomy,12692
/wiki/Breathing,25860
/wiki/Gelasian,2211
/wiki/Walnut_twig_beetle,168
/wiki/Thomas_Horsfield,466
/wiki/Marbles,2364
/wiki/Central_Semitic_languages,3074
/wiki/Leopard,102494
/wiki/Gross_domestic_product,226169
/wiki/Human_behavior,23189
/wiki/Urheimat,5794
/wiki/Crustacean,48356
/wiki/Birds,9519
/wiki/James_Joyce,77952
/wiki/British_Raj,128413
/wiki/Extinction_event,60485
/wiki/Luxembourg,190040
/wiki/Sea_cucumber,36205
/wiki/Exclusive_economic_zone_of_the_United_Kingdom,-1
/wiki/Deciduous_teeth,18120
/wiki/Caniformia,20338
/wiki/Farm,20500
/wiki/Americas,142103
/wiki/Senegal,102680
/wiki/Bottom_trawling,4623
/wiki/Ulna,16283
/wiki/Chechen_language,7412
/wiki/El_Hugeirat_language,16
/wiki/Romanization_of_Arabic,7494
/wiki/Gafsa,1655
/wiki/Harmonics,2230
/wiki/Photic_sneeze_reflex,23500
/wiki/Republic_of_Artsakh,45
/wiki/Genetic_modification,1603
/wiki/Rhodopsin,10876
/wiki/Cladistics,12502
/wiki/Animal_breeding,7131
/wiki/Cladogram,9207
/wiki/Ossetian_language,5279
/wiki/Night_vision_goggles,1005
/wiki/Bacterial_morphological_plasticity,386
/wiki/Light_pollution,22285
/wiki/Grammar,35167
/wiki/Domari_language,2360
/wiki/Iraq,205195
/wiki/Corneal_reflex,10412
/wiki/Corneal_epithelium,2291
/wiki/Natural_history_museum,2181
/wiki/Audio_frequency,13227
/wiki/David_Crystal,4872
/wiki/List_of_fictional_felines,-1
/wiki/Han_characters,261
/wiki/Jordan,204750
/wiki/Georg_Stiernhielm,372
/wiki/Malay_Peninsula,11142
/wiki/National_University_of_Singapore,20286
/wiki/Audible_frequency,255
/wiki/Acronym,64226
/wiki/Diploid,5603
/wiki/Tulunids,2764
/wiki/Extinct_language,13687
/wiki/Mamluk_Sultanate,231
/wiki/Peripheral_nervous_system,46666
/wiki/Cat_registries,-1
/wiki/Eumetazoa,8213
/wiki/Carnivorous,3068
/wiki/Neogene,19514
/wiki/Coptic_nationalism,205
/wiki/Moksha_language,1893
/wiki/Sonnet_132,197
/wiki/Desert,102284
/wiki/Linden_tree,823
/wiki/International_Plant_Names_Index,1484
/wiki/Prawn,35374
/wiki/On_the_Origin_of_Species,46964
/wiki/Chickadee,8097
/wiki/Suture_material,102
/wiki/SI_unit,5595
/wiki/Hystricomorpha,2408
/wiki/Tail,9195
/wiki/Sacral_spinal_nerve_2,1165
/wiki/Ayyubid_dynasty,15945
/wiki/Wavelength,53044
/wiki/Hair,59394
/wiki/Republic_of_Venice,32364
/wiki/Flatworm,27144
/wiki/Pedigreed_cat,100
/wiki/Sexual_reproduction,59377
/wiki/IUCN_Red_List,43809
/wiki/USMC,3832
/wiki/Myosepta,-1
/wiki/Golis_Mountains,426
/wiki/Academy_of_the_Arabic_Language_in_Israel,552
/wiki/Supreme_Council_of_the_Arabic_language_in_Algeria,424
/wiki/Theria,8384
/wiki/Oceanic_dispersal,1288
/wiki/Yukon,66269
/wiki/Preflexes,1014
/wiki/Jackal,37028
/wiki/Protraction,517
/wiki/Photoreceptor_cell,18401
/wiki/Night_monkey,3400
/wiki/Villafranchian,481
/wiki/Cymric_cat,2988
/wiki/Divergent_evolution,6628
/wiki/Budini,1911
/wiki/Dilling_language,25
/wiki/Chicago_Tribune,18783
/wiki/Languages_of_the_European_Union,15591
/wiki/Piezoelectricity,49948
/wiki/Angular_displacement,6069
/wiki/Mouse,43415
/wiki/Arabization,6625
/wiki/Euchromatin,5734
/wiki/Ferae,2182
/wiki/Low_Prussian,724
/wiki/Miacidae,1408
/wiki/Dominance_hierarchy,9449
/wiki/Alpha_taxonomy,2720
/wiki/Shirvani_Arabic,815
/wiki/Golgi_tendon_reflex,5248
/wiki/Nuclear_DNA,3593
/wiki/Josef_Budenz,-1
/wiki/Old_English,62222
/wiki/Castorimorpha,985
/wiki/Pi,201323
/wiki/Muscular_defense,428
/wiki/Sand_cat,20650
/wiki/Mathematics,208095
/wiki/Epididymis,22325
/wiki/NatureServe,779
/wiki/History_of_the_formation_of_the_United_Kingdom,6800
/wiki/East_Thrace,4397
/wiki/Teutonic_language,90
/wiki/Daniel_Giraud_Elliot,366
/wiki/Mammary_gland,23791
/wiki/Flora,22835
/wiki/Miaow,171
/wiki/The_Nature_Conservancy,10078
/wiki/Dorothea_Christiane_Erxleben,88
/wiki/Bilabial_consonant,3564
/wiki/Modern_Hebrew,8841
/wiki/Ireland,275469
/wiki/Paroodectes,135
/wiki/Buddhism,314271
/wiki/Xinjiang,56779
/wiki/Abducens_nerve,13197
/wiki/Prekmurje,1705
/wiki/Sudan,125577
/wiki/Herpestoidea,-1
/wiki/Crossbreeding,698
/wiki/Herpestidae,3048
/wiki/Jutland,18691
/wiki/Dogs,8512
/wiki/Animal_fancy,2315
/wiki/Biguglia,209
/wiki/Erzya_language,2048
/wiki/Peking,3318
/wiki/Regional_Red_List,866
/wiki/Stoat_in_New_Zealand,-1
/wiki/Nubians,16534
/wiki/Ethnic_groups,18301
/wiki/Magnetic_field,90439
/wiki/Tornio,2718
/wiki/European_nightjar,2027
/wiki/Adolf_Erman,565
/wiki/Celtic_languages,31809
/wiki/Urdu,94716
/wiki/Russia,534757
/wiki/Architecture_of_Egypt,161
/wiki/Quoll,18263
/wiki/Signalling_theory,6687
/wiki/Gait,10365
/wiki/Polycarpa_aurata,348
/wiki/Infant_Jesus_of_Prague,15526
/wiki/Amaranthus_retroflexus,1574
/wiki/Reginald_Innes_Pocock,836
/wiki/Senior_cat_diet,-1
/wiki/Barnacle,34468
/wiki/Udmurt_people,4870
/wiki/African_clawed_frog,7267
/wiki/Retinal,8432
/wiki/Photodetector,8529
/wiki/Horse,134190
/wiki/English_Civil_War,90908
/wiki/God_Save_the_King,1261
/wiki/United_Kingdom_Census_2011,7989
/wiki/Eastern_Cape,12143
/wiki/Comic_strip,19578
/wiki/Red_panda,120608
/wiki/Russian_Mennonite,4288
/wiki/Shakespeare,37446
/wiki/Mantis_shrimp,50621
/wiki/Christian_Ehrenfried_Weigel,184
/wiki/Botany,43222
/wiki/Hemangiosarcoma,11939
/wiki/Nakht,455
/wiki/Berlin,167515
/wiki/Gizeh,153
/wiki/Irish_Sea,9859
/wiki/Treaty_of_Union,4340
/wiki/Parasites,2478
/wiki/Cornish_language,26650
/wiki/Calico_cat,46387
/wiki/Devon_Conway,133
/wiki/Hungarian_ny,199
/wiki/Organism,63679
/wiki/Egyptian_Arabic,11508
/wiki/Education_in_Egypt,6924
/wiki/Circulatory_system,135275
/wiki/Cremasteric_reflex,110436
/wiki/Cat_Claw,533
/wiki/Rice_Bubbles,234
/wiki/Hungarian_Americans,2697
/wiki/Protein,125785
/wiki/Ogham,17944
/wiki/North_America,186594
/wiki/CITES,14961
/wiki/Pelycosaur,3084
/wiki/Cambrian_Stage_3,559
/wiki/Notochord,17456
/wiki/Government_of_Egypt,468
/wiki/Philippines,417385
/wiki/Evolutionary_ecology,2015
/wiki/Nefertem,3175
/wiki/455,875
/wiki/Tarchia,864
/wiki/Northwestern_Europe,5459
/wiki/Carpathian_Mountains,31310
/wiki/Before_Christ,11108
/wiki/Ranch,18774
/wiki/Yenisei,842
/wiki/Scent_gland,1791
/wiki/Stroboscope,6452
/wiki/Daylight_saving_time,112639
/wiki/Philip_Johan_von_Strahlenberg,807
/wiki/Least_weasel,17858
/wiki/Panthera,30232
/wiki/Ugolino_Martelli,119
/wiki/Light,109617
/wiki/Cat_intelligence,14480
/wiki/Walter_Sickert,7688
/wiki/10th_edition_of_Systema_Naturae,3456
/wiki/Brown_rat,26389
/wiki/Country,49450
/wiki/Szczecin,18132
/wiki/Tunisia,123188
/wiki/Israel,447690
/wiki/Conspecifics,999
/wiki/Kangaroo,320613
/wiki/Lansium_parasiticum,4777
/wiki/Geoffrey_Chaucer,66483
/wiki/Myles_Coverdale,1918
/wiki/Iraqi_Academy_of_Sciences,449
/wiki/Subvariety,295
/wiki/Therapsida,2905
/wiki/Carl_Linnaeus_the_Younger,826
/wiki/Meat_ant,7064
/wiki/Crow,16031
/wiki/Fitchburg_Art_Museum,150
/wiki/Evolutionary_medicine,2805
/wiki/Classification_of_Arabic_languages,-1
/wiki/Current_research_in_evolutionary_biology,253
/wiki/Hesse,31241
/wiki/Northern_Asia,1077
/wiki/Felis_lunensis,986
/wiki/Beetles,1264
/wiki/Hyaenidae,3092
/wiki/Mortality_rate,35797
/wiki/Meerkat,47591
/wiki/Sclera,23988
/wiki/History_of_evolutionary_thought,15614
/wiki/Grand_Duchy_of_Finland,10189
/wiki/Warning_coloration,455
/wiki/Obesity,100065
/wiki/Cephalochordate,3524
/wiki/Extinction_debt,1228
/wiki/Cat_breeds,2045
/wiki/Nubia_language,17
/wiki/Lithuanian_language,22155
/wiki/Mesonychid,3640
/wiki/Echinoderm,30353
/wiki/Sciuromorpha,1362
/wiki/Population,67695
/wiki/White_wagtail,3875
/wiki/Smithsonian_Institution,45239
/wiki/Mesopotamian_Arabic,2549
/wiki/Dragonfly,39327
/wiki/Genera_Plantarum,684
/wiki/Hebrew_alphabet,57016
/wiki/Cyprus,215313
/wiki/Animal_shelter,9127
/wiki/Sunrise,22241
/wiki/Adipose_tissue,40233
/wiki/Oodectes,91
/wiki/Environment_Protection_and_Biodiversity_Conservation_Act_1999,1251
/wiki/Constitutional_monarchy,77703
/wiki/Newfoundland_Irish,1212
/wiki/Samoyedic_languages,3607
/wiki/Demographics_of_the_United_Kingdom,3205
/wiki/Viverridae,12458
/wiki/New_Halfa_Scheme,150
/wiki/Bauhin,133
/wiki/Social_species,-1
/wiki/Cat_body_language,2840
/wiki/Middle_Kingdom_of_Egypt,18907
/wiki/Asian_black_bear,18863
/wiki/Lexical_analysis,16549
/wiki/Karl_Christian_Gmelin,220
/wiki/Reflexes,1003
/wiki/John_Tradescant_the_Younger,816
/wiki/Semitic_languages,38962
/wiki/Lagomorph,1903
/wiki/Sugar_glider,66689
/wiki/Patellar_reflex,14072
/wiki/Lebanon,213774
/wiki/Penectomy,42672
/wiki/Lion,236324
/wiki/Aloe_vera,94675
/wiki/Georg_Forster,2074
/wiki/Procyonidae,20200
/wiki/Ethnic_group,105332
/wiki/Felinology,615
/wiki/Egyptians,31250
/wiki/Coptic_Orthodox_Church_in_Canada,605
/wiki/Geographic_coordinate_system,109891
/wiki/John_Milton,59626
/wiki/Objections_to_evolution,10663
/wiki/Egyptian_hieroglyphs,62794
/wiki/Conservation_status,59504
/wiki/Quadruped,2581
/wiki/Late_Latin,5081
/wiki/Hortus_Cliffortianus,255
/wiki/Sustainable_seafood_advisory_lists_and_certification,815
/wiki/Christopher_Marlowe,46066
/wiki/Acorn_worm,3008
/wiki/Rabbit,111992
/wiki/Sacral_spinal_nerve_1,1406
/wiki/Poison,34146
/wiki/Bastet,43897
/wiki/Asyut,3334
/wiki/Vowel_length,7070
/wiki/De_facto,60395
/wiki/Arboreal_locomotion,6167
/wiki/Evolution,136590
/wiki/Absorption_spectrum,1565
/wiki/Snakes,4896
/wiki/Main_Page,558584827
/wiki/Cheliped,425
/wiki/Marine_Conservation_Society,504
/wiki/Histology,28307
/wiki/Pyrenees,32311
/wiki/Scientific_names_of_animals,152
/wiki/History_of_the_Irish_language,3435
/wiki/Hallux,4405
/wiki/Marine_art,4200
/wiki/Reintroduction,4259
/wiki/Nervous_system,104008
/wiki/USSR,17129
/wiki/Cambrian,33637
/wiki/Temporalis,1618
/wiki/Oviducts,163
/wiki/Moth,28771
/wiki/Olfaction,20838
/wiki/Adaptive_radiation,11146
/wiki/Iriomote,743
/wiki/Fatimid_Caliphate,21955
/wiki/Johann_Wolfgang_von_Goethe,80407
/wiki/2023_Sudan_conflict,-1
/wiki/Seminal_fluid,761
/wiki/Alveolar_consonant,8094
/wiki/Evolutionary_ethics,2307
/wiki/Wave,53373
/wiki/Heinrich_Hertz,17011
/wiki/Outline_of_evolution,1550
/wiki/Taman_languages,182
/wiki/Hyacinthoides_italica,292
/wiki/Sacrum,32710
/wiki/Roy_Lichtenstein,48578
/wiki/Osteosarcoma,40167
/wiki/Twilight,40131
/wiki/Donkey,65719
/wiki/Eye,52495
/wiki/Evolutionary_biology,12100
/wiki/Badger,56752
/wiki/Palindromic,401
/wiki/Matutinal,728
/wiki/Bahrain,229083
/wiki/Mycology,16201
/wiki/Gordon_Ellis,-1
/wiki/Cat_food,5464
/wiki/Genetic_divergence,2328
/wiki/Meow,3418
/wiki/Locomotion_in_animals,14
/wiki/Gamma_ray,67635
/wiki/Charles_Darwin,240839
/wiki/Electric_field,42444
/wiki/Dentin,12551
/wiki/Uppsala_University,10838
/wiki/Lumbar_spinal_nerve_2,506
/wiki/Extinction,69012
/wiki/Wikipedia,1013908
/wiki/Feline_cystitis,2003
/wiki/Ra,95946
/wiki/Manchuria,48624
/wiki/Evolutionary_linguistics,2968
/wiki/Scientific_name,3543
/wiki/Lymphoma_in_animals,4912
/wiki/Coptic_Americans,423
/wiki/Braniewo,1188
/wiki/Raqs_sharqi,1530
/wiki/Benrath_line,945
/wiki/List_of_language_regulators,4358
/wiki/Marsupialia,4361
/wiki/West_Asia,4397
/wiki/Sexual_dimorphism,75918
/wiki/Censorship_of_the_Bible,-1
/wiki/Pacific_Northwest,39986
/wiki/Silent_b,91
/wiki/Writing_system,23900
/wiki/Johann_Christian_Daniel_von_Schreber,649
/wiki/Mediterranean_islands,507
/wiki/Target_recognition,-1
/wiki/American_herring_gull,1573
/wiki/Eastern_Sudanic_languages,927
/wiki/Snake,114514
/wiki/Ecology,66904
/wiki/Malayalam,84331
/wiki/Khartoum,26415
/wiki/England,358417
/wiki/Determinative,1597
/wiki/Albanian_language,34040
/wiki/Falanouc,1742
/wiki/Barbourofelidae,2230
/wiki/Pikaia,3451
/wiki/Feline_lower_urinary_tract_disease,3650
/wiki/Novelty_item,6570
/wiki/Transbaikalia,572
/wiki/Gross_anatomy,4586
/wiki/Viverravidae,542
/wiki/Annual_Review_of_Neuroscience,128
/wiki/Organisation_of_Islamic_Cooperation,26810
/wiki/Polyandry_in_nature,1199
/wiki/Khanty_language,3099
/wiki/List_of_reflexes,5541
/wiki/Chromosome,86790
/wiki/Vowel,43005
/wiki/Joseph_Greenberg,2186
/wiki/Speciation,20555
/wiki/Ordovician,25166
/wiki/Nicholas_Aylward_Vigors,730
/wiki/Swedish_language,45096
/wiki/Mule,56802
/wiki/Neural_oscillation,14247
/wiki/Hare,34239
/wiki/Cyclocephala_nodanotherwon,1
/wiki/Septum,24167
/wiki/Ebers_Papyrus,5527
/wiki/Norwegian_language,35685
/wiki/Catacomb,1552
/wiki/Feces,47808
/wiki/Ernst_Gottfried_Baldinger,216
/wiki/Ugric_languages,2092
/wiki/Tropics,35558
/wiki/Phalanx_bones,954
/wiki/Cuttlefish,59083
/wiki/Research_Institute_for_Nature_and_Forest,138
/wiki/Diving_reflex,328
/wiki/Muslim_conquest_of_Egypt,10153
/wiki/Cornea,34040
/wiki/Skull,17525
/wiki/Indian_paradise_flycatcher,2607
/wiki/Cauxin,202
/wiki/North_Caucasian_languages,1166
/wiki/Finland,238450
/wiki/Egyptian_Armed_Forces,15994
/wiki/Iyrcae,146
/wiki/Korean_language,64913
/wiki/Polar_bear,151731
/wiki/Reserved_animals_of_Thailand,110
/wiki/Egyptian_language,25529
/wiki/Hairball,5472
/wiki/Louvre,82879
/wiki/List_of_animal_sounds,73045
/wiki/Polytypic_taxon,269
/wiki/Endangered_Languages_Project,133
/wiki/Chad,71117
/wiki/Anglo_Saxon_language,237
/wiki/Male_dogs,73
/wiki/Yazidism,2344
/wiki/France,407786
/wiki/Islam_and_cats,11281
/wiki/Bible_translations_into_Nubian,-1
/wiki/Slavic_languages,29427
/wiki/North_Germanic_languages,19193
/wiki/Tien_Shan,862
/wiki/Sarrabus,97
/wiki/Eritrea,253401
/wiki/Crab,49495
/wiki/American_English,55390
/wiki/Canadian_Cat_Association,761
/wiki/Hungary,178317
/wiki/Modern_Standard_Arabic,13590
/wiki/Allopatric_speciation,10008
/wiki/Night_vision_device,16656
/wiki/Unicode,69451
/wiki/Shaigiya_tribe,396
/wiki/SI_base_unit,36360
/wiki/Vocal_learning,910
/wiki/Pashto_language,22100
/wiki/Micropredation,-1
/wiki/Sixteenth_Dynasty_of_Egypt,1289
/wiki/Southern_Africa_Cat_Council,348
/wiki/Miacoidea,1198
/wiki/Westminster,23742
/wiki/Fourth_Dynasty_of_Egypt,4622
/wiki/Brachioradialis_reflex,2923
/wiki/Irish_Braille,1067
/wiki/EU_Habitats_Directive,111
/wiki/Cranial_cruciate_ligament,179
/wiki/Ailurophobia,7827
/wiki/Juha_Janhunen,583
/wiki/Fifteenth_Dynasty_of_Egypt,1531
/wiki/Palaeogalidae,-1
/wiki/Doctoral_advisor,6242
/wiki/Caroline_era,3581
/wiki/Vertebrate,47221
/wiki/National_Center_for_Biotechnology_Information,9668
/wiki/Maltese_alphabet,2891
/wiki/Akrotiri_and_Dhekelia,23539
/wiki/Stroma_of_cornea,2272
/wiki/Progesterone,62044
/wiki/Bearded_seal,3836
/wiki/Human_Development_Index,197891
/wiki/Guadalupian,690
/wiki/Eupleridae,5026
/wiki/Wildcat,37255
/wiki/Veterinary_surgery,2708
/wiki/Coptic_monasticism,939
/wiki/Mongoose,89634
/wiki/Hierarchy,27812
/wiki/Painkiller,2465
/wiki/Affricate_consonant,9200
/wiki/Cattery,1629
/wiki/IUCN_Red_List_conservation_dependent_species,982
/wiki/Coevolution,7205
/wiki/Spotted_crake,1286
/wiki/Shrimp,53421
/wiki/Breathing_rate,278
/wiki/Electromyography,31153
/wiki/Evolutionary_epistemology,1604
/wiki/Isogloss,4075
/wiki/Cat_vision,22
/wiki/Flag_of_Egypt,15430
/wiki/Endometrial_cancer,24092
/wiki/Taxonomist,714
/wiki/Tigris_River,1647
/wiki/Oviduct,3998
/wiki/Alderfly,572
/wiki/History_of_molecular_evolution,1004
/wiki/Animal_show,432
/wiki/Grammatical,641
/wiki/Synapse,32739
/wiki/Listing_priority_number,324
/wiki/Free_content,37706
/wiki/Ambush_predation,175
/wiki/Kola_Peninsula,9688
/wiki/Beekeeping,28501
/wiki/Chronological,1240
/wiki/Lambda,38962
/wiki/Copts_in_Libya,461
/wiki/Egypt_in_the_Middle_Ages,3099
/wiki/Angola,117557
/wiki/Mammaliaformes,3283
/wiki/1978_World_Snooker_Championship,1535
/wiki/Infraspecific_name,734
/wiki/Testicular_cancer,33605
/wiki/Dactyly,5582
/wiki/Baqet_III,281
/wiki/Abbasid_Caliphate,64624
/wiki/Libya,137221
/wiki/1223,790
/wiki/Lowercase,2483
/wiki/Dimetrodon,20440
/wiki/Literary_consonance,8873
/wiki/Iran,482230
/wiki/Vetulicolia,1109
/wiki/Amarna_period,422
/wiki/Scots_language,47610
/wiki/Cicada,55069
/wiki/Arabic_language,100725
/wiki/Sericulture,17853
/wiki/Codex,19954
/wiki/Text_corpus,7059
/wiki/Latinisation_of_names,2399
/wiki/Common_nighthawk,2766
/wiki/Holotype,4627
/wiki/Ingvaeonic_languages,4544
/wiki/Linguasphere_Observatory,2868
/wiki/Sex_hormone,4336
/wiki/Ulster_Irish,2143
/wiki/Scottish_wildcat,676
/wiki/Animal_echolocation,14460
/wiki/Crepuscular,26915
/wiki/Cultivar,28069
/wiki/ParaHoxozoa,98
/wiki/Luminous_intensity,16315
/wiki/Mountain_weasel,2307
/wiki/Tahtib,1596
/wiki/Phylogenetics,22248
/wiki/Heart_sound,1137
/wiki/Chionodoxa_siehei,195
/wiki/Mustelidae,29744
/wiki/Superficial_anatomy,871
/wiki/North_Sea,32996
/wiki/Central_vowel,1948
/wiki/Levantine_Arabic,7127
/wiki/Porcupine,47187
/wiki/Argead_dynasty,6203
/wiki/Cuisine_of_Egypt,223
/wiki/Moab,27837
/wiki/Trigeminal_nerve,53082
/wiki/Henrik_Gabriel_Porthan,199
/wiki/Adjectival_form,542
/wiki/Bauchi_State,4705
/wiki/Komi_language,2948
/wiki/Alexander_Braun,571
/wiki/Middle_English,35232
/wiki/Red_Data_Book_of_the_Russian_Federation,4455
/wiki/Zipper,23869
/wiki/Middle_ear,14743
/wiki/The_Spanish_Tragedy,5285
/wiki/Early_Bronze_Age,3743
/wiki/Paint_Drying,-1
/wiki/Coptic_placenames,364
/wiki/Common_ancestor,1133
/wiki/Lunar_phase,48490
/wiki/High_German_consonant_shift,4739
/wiki/Crepuscular_animal,-1
/wiki/Mucous_membrane,32007
/wiki/Arabic_script,13658
/wiki/Spotted_hyena,32765
/wiki/Tiger,230546
/wiki/Curate,6637
/wiki/The_eclipse_of_Darwinism,1572
/wiki/John_Dryden,17008
/wiki/Evolutionary_economics,4391
/wiki/Egypt_Eyalet,6768
/wiki/Konstantin_Alekseevich_Satunin,277
/wiki/Japanese_language,136207
/wiki/Laparoscopic_surgery,42264
/wiki/Hans_Jakob_Polotsky,285
/wiki/Rashidun_Caliphate,36460
/wiki/List_of_experimental_cat_breeds,1045
/wiki/Western_Siberia,490
/wiki/Wikimedia_Foundation,37503
/wiki/Nimravidae,3717
/wiki/Kai_Donner,246
/wiki/Lutheran,16681
/wiki/New_Kingdom_of_Egypt,18350
/wiki/Sound_wave,5613
/wiki/Ossified,565
/wiki/Latin_America,109962
/wiki/Xenacoelomorpha,1605
/wiki/Tonic_labyrinthine_reflex,2514
/wiki/Languages_of_Northern_Ireland,1397
/wiki/Species_Plantarum,2152
/wiki/Cenozoic,29105
/wiki/Habitats_Directive,1388
/wiki/Politics_of_the_United_Kingdom,25356
/wiki/Carnivoramorpha,1524
/wiki/Shabaki_language,186
/wiki/World_No_Tobacco_Day,7075
/wiki/University_of_Helsinki,9240
/wiki/Egyptian_Mythology,194
/wiki/Averted_vision,1103
/wiki/Peninsular_Arabic,1535
/wiki/Convergent_evolution,23090
/wiki/Aswan_Dam,20524
/wiki/Moment_magnitude_scale,29167
/wiki/Biceps_reflex,3124
/wiki/Asthma,95858
/wiki/Dwarf_cat,7490
/wiki/Snail,39456
/wiki/Joseph_Pitton_de_Tournefort,1101
/wiki/Grammatical_gender,20956
/wiki/National_Museum_of_Natural_History,12834
/wiki/Cervical_spinal_nerve_5,1776
/wiki/Karlsruhe,19428
/wiki/Tsushima_Island,4708
/wiki/Java,63547
/wiki/Veps_language,2326
/wiki/Battle_of_the_Kalka_River,4329
/wiki/Zoology,32611
/wiki/Emphatic_consonant,1636
/wiki/Breastfeeding,63289
/wiki/Charles_III,780
/wiki/Verbum_dicendi,598
/wiki/Tenth_Dynasty_of_Egypt,1033
/wiki/Somaliland,37542
/wiki/Finite_verb,12382
/wiki/Thirteenth_Dynasty_of_Egypt,2183
/wiki/Least_Concern,13291
/wiki/Island_biogeography,1579
/wiki/2013_El_Reno_tornado,8978
/wiki/Regular_sound_correspondences_between_Hungarian_and_other_Uralic_languages,365
/wiki/Infrared,74087
/wiki/Bird,135358
/wiki/Trochlear_nerve,17966
/wiki/Cereal,58101
/wiki/Sympatric_speciation,7184
/wiki/Caucasus,87681
/wiki/Jungle_cat,13023
/wiki/Bengali_language,97969
/wiki/Birgid_language,291
/wiki/Russian_Revolution,110362
/wiki/Predynastic_Egypt,3590
/wiki/Cough,41759
/wiki/Fish,117324
/wiki/Food_and_Drug_Administration,46544
/wiki/Brain_morphometry,1173
/wiki/Dutch_people,62485
/wiki/Australian_Cat_Federation,-1
/wiki/Sexually_transmitted_disease,31009
/wiki/Species,86203
/wiki/Zakarpattia_Oblast,7944
/wiki/Czech_Republic,207383
/wiki/Middle_Egyptian,1026
/wiki/Western_Asia,41686
/wiki/Cretaceous,48261
/wiki/Europe,300188
/wiki/Sinai_Peninsula,27016
/wiki/Bay_of_Bengal,22783
/wiki/Glottolog,5647
/wiki/Finnish_language,41990
/wiki/Caviomorpha,2014
/wiki/Last_Glacial_Period,-1
/wiki/Cult,42526
/wiki/Mustela,2135
/wiki/List_of_onomatopoeias,7601
/wiki/International_Electrotechnical_Commission,17646
/wiki/Colubrid,1762
/wiki/East_Prussia,19405
/wiki/Castration,74037
/wiki/Thomas_Malory,8480
/wiki/1935_Quetta_earthquake,1585
/wiki/Dodo,114394
/wiki/Chennai_Super_Kings,19957
/wiki/Electorate_of_Hanover,2896
/wiki/Jura_Mountains,8911
/wiki/Asian_elephant,30562
/wiki/Arabic,81912
/wiki/Precocial,7151
/wiki/Social_wasp,128
/wiki/Myostatin,15216
/wiki/Thyroid,117330
/wiki/Evolutionary_game_theory,6562
/wiki/Egyptian_identity,37
/wiki/Baculum,33007
/wiki/Mesonychian,20
/wiki/Frog,71115
/wiki/Feral,9637
/wiki/Phonotactics,4562
/wiki/Galidiinae,1520
/wiki/Prime_Minister_of_the_United_Kingdom,85068
/wiki/Observational_learning,12376
/wiki/Johann_Ludwig_Burckhardt,2081
/wiki/Abkhazia,53428
/wiki/Polymer,81184
/wiki/Paradise_Lost,109124
/wiki/Evolutionary_aesthetics,1847
/wiki/Quartz_clock,25861
/wiki/Monkey,83082
/wiki/History_of_ancient_Egypt,13951
/wiki/University_of_Lund,459
/wiki/Oscillation,26581
/wiki/Arboreal,9722
/wiki/British_Sign_Language,9057
/wiki/Urine_spraying,784
/wiki/Western_Roman_Empire,38525
/wiki/Bubastis,3742
/wiki/Frequency,84854
/wiki/Trapezius_muscles,187
/wiki/Black_British,25480
/wiki/Cheetah,123164
/wiki/African_wildcat,12777
/wiki/World_Englishes,7910
/wiki/Reflex_arc,13675
/wiki/Catnip,77747
/wiki/Greenwich_Mean_Time,66342
/wiki/Aphid,26215
/wiki/Syllable,29893
/wiki/Glabellar_reflex,4928
/wiki/Law_enforcement_in_Egypt,2609
/wiki/Sister_group,2239
/wiki/Paw,9939
/wiki/Thailand,290649
/wiki/Growling,2104
/wiki/Hormone,51368
/wiki/Oscillations,414
/wiki/Lists_of_IUCN_Red_List_vulnerable_species,1522
/wiki/Irish_language,75196
/wiki/Ideophone,2538
/wiki/Committee_on_the_Status_of_Endangered_Wildlife_in_Canada,551
/wiki/Monotypic,2553
/wiki/Mordvinic_languages,1513
/wiki/Purebred,7183
/wiki/Enhanced_vision_system,138
/wiki/Artificial_selection,3219
/wiki/European_herring_gull,3454
/wiki/Grammar_School,913
/wiki/Withdrawal_reflex,4130
/wiki/Thermoregulation,26784
/wiki/Adaptation,31684
/wiki/Wales,177815
/wiki/Cretan_wildcat,464
/wiki/Arctocyonia,-1
/wiki/Foreign_relations_of_Egypt,3405
/wiki/Kazakhstan,217967
/wiki/Middle_Scots,1239
/wiki/Mongol_Empire,137204
/wiki/Hungarian_diaspora,1786
/wiki/Western_Germany,2553
/wiki/Northeast_Caucasian_languages,4579
/wiki/Mamluk,30513
/wiki/William_Tyndale,26977
/wiki/Animal_population_control,798
/wiki/Haraza_language,93
/wiki/Kom_Ombo,1712
/wiki/Hamza_El_Din,1186
/wiki/Incisor,10998
/wiki/Old_Frisian,7846
/wiki/European_Union,311138
/wiki/Lobster,60043
/wiki/Augustin_Pyramus_de_Candolle,1507
/wiki/Jay,14527
/wiki/Sitatunga,3059
/wiki/Mazanderani_language,1206
/wiki/Tamil_language,147491
/wiki/Extant_taxon,23755
/wiki/Sultanate_of_Egypt,4353
/wiki/Thermal_imaging,1337
/wiki/Vacuum,46535
/wiki/Random_error,953
/wiki/Lynching,44993
/wiki/Kenzi_language,137
/wiki/Old_Hijazi,-1
/wiki/Optic_nerve,22904
/wiki/Madagascar,176043
/wiki/Christian_church,962
/wiki/Cat_communication,24039
/wiki/Artiodactyla,8945
/wiki/Speos_Artemidos,491
/wiki/Cnidaria,40657
/wiki/Heterodyning,1000
/wiki/Night_vision,17249
/wiki/Yunnan,27087
/wiki/Hinduism_in_the_United_Kingdom,2835
/wiki/Thermal_radiation,27631
/wiki/False_pregnancy,19241
/wiki/Corsican_wildcat,200
/wiki/Arabic_alphabet,58172
/wiki/Tortoiseshell_cat,36081
/wiki/Zona_Pellucida,63
/wiki/Photoperiod,1997
/wiki/Red_List_Index,880
/wiki/ISO_4217,72113
/wiki/Indian_Subcontinent,5079
/wiki/Nyuserre_Ini,3249
/wiki/History_of_speciation,-1
/wiki/Yugra,1244
/wiki/Kamchatka,3879
/wiki/Camouflage,33387
/wiki/Placentals,990
/wiki/Malagasy_civet,2545
/wiki/Irish_language_in_Newfoundland,897
/wiki/John_Webster,8628
/wiki/Culture_of_Egypt,12202
/wiki/Adjudin,369
/wiki/Mite,23577
/wiki/Second_language,15230
/wiki/Hypothyroidism,147937
/wiki/Belly_dance,35718
/wiki/Uintacyon,112
/wiki/Velar_consonant,5946
/wiki/Anguish_Languish,1382
/wiki/Irish_alphabet,277
/wiki/Media_of_Egypt,977
/wiki/Biblioteca_Marciana,1567
/wiki/Circumboreal,172
/wiki/Porcine_zona_pellucida,640
/wiki/Maize,121096
/wiki/Zygomatic_arch,6273
/wiki/Otto_Donner,177
/wiki/List_of_political_parties_in_Egypt,2268
/wiki/Whale,74214
/wiki/Interbreeding,758
/wiki/Georgi_Gospodinov,386
/wiki/Sayan_Mountains,2870
/wiki/Prehistoric_Egypt,7875
/wiki/Society_of_Jesus,71496
/wiki/Gripsholm_Castle,1516
/wiki/Mansi_language,4016
/wiki/Evolutionary_arms_race,3670
/wiki/Sand_dollar,32079
/wiki/Traditional_medicine,18074
/wiki/Trinomen,1998
/wiki/Lists_of_IUCN_Red_List_data_deficient_species,961
/wiki/Gaspard_Bauhin,1115
/wiki/Somalia,153075
/wiki/2023_Mahdia_school_fire,-1
/wiki/Near_Threatened,4363
/wiki/East_Pomeranian_dialect,555
/wiki/Desmond_Morris,6929
/wiki/Balochi_language,8653
/wiki/Algerian_Arabic,2586
/wiki/Armenian_language,32107
/wiki/2023_Indianapolis_500,-1
/wiki/Spaying,2476
/wiki/Languages_of_the_Nuba_Mountains,-1
/wiki/Old_World,24829
/wiki/Marrah_Mountains,1740
/wiki/Francis_Beaumont,1604
/wiki/Hoatzin,9493
/wiki/Elbe,15002
/wiki/Plymouth_Colony,37284
/wiki/List_of_countries_where_Arabic_is_an_official_language,11665
/wiki/Ancient_Egypt,156142
/wiki/Behavior_modification,10776
/wiki/Transport_in_Egypt,2608
/wiki/Breed,9681
/wiki/Stretch_reflex,9762
/wiki/Ikhshidid_dynasty,893
/wiki/Sea_level,29762
/wiki/Mwah,39
/wiki/Moscovia,135
/wiki/Rodent,51033
/wiki/Copts,27198
/wiki/Sphenacodontia,1327
/wiki/Southern_African_wildcat,695
/wiki/Vocal_folds,17911
/wiki/Oophorectomy,16089
/wiki/Neolithic_Revolution,41304
/wiki/Hungarian_noun_phrase,1081
/wiki/Paleogene,20501
/wiki/Greek_language,93777
/wiki/Hearing,13699
/wiki/Viverrids,129
/wiki/Standard_Chinese,38971
/wiki/Evolutionary_neuroscience,1533
/wiki/Felid_hybrid,7790
/wiki/Foras_na_Gaeilge,1067
/wiki/Plantago_media,404
/wiki/Frisian_languages,13551
/wiki/Cat_show,1166
/wiki/Decipherment_of_ancient_Egyptian_scripts,-1
/wiki/Invermoriston,625
/wiki/Glossopharyngeal_nerve,19232
/wiki/Penis,165399
/wiki/Hungarian_language,44848
/wiki/Hainan,30527
/wiki/Korean_Peninsula,12497
/wiki/Stretching,15238
/wiki/Parasitoid,8104
/wiki/Danzig_German,-1
/wiki/Newborn_babies,174
/wiki/Art_of_ancient_Egypt,24341
/wiki/Population_genetics,13014
/wiki/Hoof,7835
/wiki/Seafood_Watch,1395
/wiki/Parliamentary_system,57243
/wiki/Exit_pupil,2398
/wiki/Physiology,54690
/wiki/Island_tameness,1301
/wiki/Demographics_of_Egypt,9803
/wiki/Fishing_cat,14743
/wiki/Ural_Mountains,34251
/wiki/MENA,20437
/wiki/Late_Bronze_Age,2312
/wiki/King_James_Bible,5514
/wiki/Twelfth_Dynasty_of_Egypt,2493
/wiki/Sexual_selection,18462
/wiki/Fallopian_tube,21053
/wiki/Viverrid,4413
/wiki/Languages_of_Africa,31259
/wiki/Level_of_support_for_evolution,8602
/wiki/Victorian_era,149870
/wiki/Irish_people,54619
/wiki/University_of_Erlangen,524
/wiki/Chisel,17488
/wiki/Digestion,48106
/wiki/Rhine,51946
/wiki/Boulton_and_Park,899
/wiki/Virology,10950
/wiki/Blancan,678
/wiki/Laws_in_Wales_Acts_1535_and_1542,1882
/wiki/Judaism,193014
/wiki/Terete,299
/wiki/Economy_of_Egypt,14197
/wiki/Carl_Meinhof,400
/wiki/Rohingya_language,4149
/wiki/Trabecular_meshwork,3289
/wiki/Primate,55451
/wiki/Hysterectomy,42802
/wiki/Union_of_the_Crowns,8480
/wiki/Ultraviolet,88571
/wiki/Given_name,52046
/wiki/Red_fox,73874
/wiki/Douro,6310
/wiki/Funj_Sultanate,91
/wiki/Northern_Sami_language,2169
/wiki/Taming,416
/wiki/Botanist,4382
/wiki/Deaths_in_2023,-1
/wiki/Linnaean_Garden,411
/wiki/Catholic_Church,134963
/wiki/Carl_Linnaeus,56252
/wiki/East_Pomeranian,316
/wiki/Laurasiatheria,5760
/wiki/Demotic_script,161
/wiki/Neuroptera,4383
/wiki/Rodents_as_pets,-1
/wiki/International_Union_for_Conservation_of_Nature,23449
/wiki/Pangolin,65897
/wiki/Latin_alphabet,46580
/wiki/Pyometra,11470
/wiki/Coptic_language,21433
/wiki/Anatomy,57675
/wiki/Petronius_Maximus,3395
/wiki/North_Asia,13384
/wiki/Mnemonic,56504
/wiki/Himalayas,139082
/wiki/Hieratic,7594
/wiki/Comoros,58944
/wiki/Scilla,1958
/wiki/Vulnerable_species,14784
/wiki/Hyksos,21815
/wiki/Seventh_Dynasty_of_Egypt,511
/wiki/Standard_language,8725
/wiki/List_of_cat_registries,-1
/wiki/Aggression,19898
/wiki/Philosophia_Botanica,536
/wiki/List_of_World_Heritage_Sites_in_Egypt,49
/wiki/Allgemeine_Deutsche_Biographie,715
/wiki/Plant_breeding,16100
/wiki/Gestation,18478
/wiki/Bessarion,252
/wiki/Commission_des_Sciences_et_des_Arts,284
/wiki/Udmurt_language,2524
/wiki/Bycatch,4674
/wiki/Language_shift,4773
/wiki/Episcleral_layer,1063
/wiki/Percrocutidae,1189
/wiki/Brittonic_languages,8292
/wiki/Evolution_as_fact_and_theory,10443
/wiki/Amharic_language,25469
/wiki/Sasanian_Egypt,1566
/wiki/Felis_catus,1546
/wiki/Dravidian_peoples,32608
/wiki/Central_Siberia,113
/wiki/Ovarian_cancer,46558
/wiki/Lund_University,12459
/wiki/Connacht_Irish,1236
/wiki/Threshold_of_hearing,417
/wiki/Parliament_of_the_United_Kingdom,54378
/wiki/Loanwords,1678
/wiki/Gilgit,9487
/wiki/2023_Indian_Premier_League,-1
/wiki/Kenya,153243
/wiki/Late_Egyptian_language,481
/wiki/Onychectomy,6391
/wiki/Strepsirrhini,7868
/wiki/Electromagnetic_radiation,107110
/wiki/Swallow,19831
/wiki/Mongooses,1649
/wiki/Biodiversity,116767
/wiki/Upper_middle_class,19057
/wiki/Presynaptic_inhibition,134
/wiki/Corneal_limbus,4663
/wiki/Dyspnea,53432
/wiki/Gujarat_Titans,-1
/wiki/First_Dynasty_of_Egypt,18780
/wiki/Sunda_islands,154
/wiki/Fasting_and_abstinence_of_the_Coptic_Orthodox_Church,-1
/wiki/Chania,11947
/wiki/Predation,25717
/wiki/Atropine,86742
/wiki/Triceps_reflex,2838
/wiki/Olfactores,144
/wiki/Internal_intercostal_muscles,3693
/wiki/Indochina,28834
/wiki/Ukraine,219006
/wiki/Vas_deferens,20409
/wiki/Humane_society,3787
/wiki/Paganism,106762
/wiki/Corneal_endothelium,2846
/wiki/Oman,171605
/wiki/Avar_language,3562
/wiki/Sahara_Desert,5258
/wiki/Permanent_mold_casting,4916
/wiki/Phase_speed,388
/wiki/Evolutionary_radiation,1976
/wiki/Not_evaluated,1600
/wiki/North_American_beaver,13971
/wiki/Sami_languages,11155
/wiki/Serval,44083
/wiki/Azerbaijani_language,20014
/wiki/Martin_Hinton,166
/wiki/Ligament,27904
/wiki/House_sparrow,20665
/wiki/Theta,33418
/wiki/Turkic_peoples,47404
/wiki/Jaw,8134
/wiki/Aggressive_mimicry,3317
/wiki/Bronze,57043
/wiki/Coptic_Orthodox_Church_in_the_United_States,917
/wiki/Hindi,170361
/wiki/Back_vowel,3197
/wiki/Oka_River,1890
/wiki/Overcast,4407
/wiki/Platysma,1163
/wiki/Nubia,34462
/wiki/Genitourinary_system,9713
/wiki/Jordan_Academy_of_Arabic,477
/wiki/Zinder,1671
/wiki/Subfamily,2964
/wiki/Grooming_claw,588
/wiki/Dorsal_nerve_cord,3316
/wiki/1935,4833
/wiki/List_of_English_words_of_Hungarian_origin,986
/wiki/Persecution_of_Copts,2637
/wiki/Binturong,23391
/wiki/Rhinoceros_beetle,1973
/wiki/Carnivorous_plant,33758
/wiki/Microwave,61533
/wiki/Pediatric_spaying,546
/wiki/Parallel_evolution,3761
/wiki/Moribund_language,1767
/wiki/Serbia,196555
/wiki/Badenweiler,919
/wiki/Television,166135
/wiki/SIL_International,3762
/wiki/Sodomy,127496
/wiki/Goidelic,1312
/wiki/Lower_Saxony,27626
/wiki/Canada,654618
/wiki/United_Kingdom,840389
/wiki/Living_Planet_Index,951
/wiki/Music_of_Egypt,7020
/wiki/Iriomote_cat,5393
/wiki/Gustav_Radde,211
/wiki/Hopping_mice,280
/wiki/2003_Iraq_War,687
/wiki/North_Atlantic,3193
/wiki/Western_Europe,51433
/wiki/Common_frog,5081
/wiki/Ptolemaic_Kingdom,23203
/wiki/Polydactyl_cat,22376
/wiki/Centre_for_Agriculture_and_Bioscience_International,-1
/wiki/Deep_sea,21030
/wiki/Botanical_name,11432
/wiki/Turkey,363983
/wiki/Lemur,46603
/wiki/Speech,22664
/wiki/Bird_of_prey,45128
/wiki/Central_Europe,33880
/wiki/Felinae,17672
/wiki/Ulster_Scots_dialects,9768
/wiki/Ferret,111384
/wiki/Uncial,1832
/wiki/Breed_standards,128
/wiki/Alarm_call,280
/wiki/Digitigrade,7874
/wiki/Egypt,297263
/wiki/Neocortex,16896
/wiki/Ossicles,12465
/wiki/Croatia,231436
/wiki/Scorpions,6701
/wiki/Prostate_cancer,67922
/wiki/Standard_Irish,2
/wiki/Nubian_kingdoms,-1
/wiki/Ussuriland,268
/wiki/Biological_classification,17225
/wiki/Coptic_architecture,1022
/wiki/Urethra,53641
/wiki/Nobiin_language,1512
/wiki/Karachi,89580
/wiki/Voluntary_action,1828
/wiki/Permian,31804
/wiki/Uvea,8292
/wiki/Paleocene,12137
/wiki/Retractable_claws,27
/wiki/Mafdet,1967
/wiki/Natural_bobtail,4269
/wiki/Hill_Nubian_languages,125
/wiki/New_World_monkey,13069
/wiki/Coptic_identity,1639
/wiki/Beylik_of_Tunis,1896
/wiki/ASPCA,2339
/wiki/World_Cat_Congress,146
/wiki/German_language,123866
/wiki/County_town,6562
/wiki/Beni_Hasan,2191
/wiki/Sprachbund,4433
/wiki/Latin_script,19283
/wiki/Islam,348415
/wiki/Sudanese_Arabic,2556
/wiki/Inbreeding,58218
/wiki/Anomalure,1090
/wiki/Bicolor_cat,18689
/wiki/2023_Indian_Premier_League_final,-1
/wiki/Late_Triassic,2587
/wiki/Second,35703
/wiki/Irish_Free_State_Constitution_Act_1922,1859
/wiki/ISO_3166,28582
/wiki/Urdu_language,35198
/wiki/Gracilocyon,50
/wiki/Anthropocentrism,13070
/wiki/Beaumont_and_Fletcher_folio,58
/wiki/Cambrian_explosion,27870
/wiki/Parliament_of_Egypt,2799
/wiki/Canine_tooth,15651
/wiki/Microbiology,39133
/wiki/British_Empire,200819
/wiki/Ansgar_Almquist,-1
/wiki/London,471075
/wiki/Whooping_crane,12646
/wiki/Low_German_language,2002
/wiki/Cat_health,2270
/wiki/Copulation,5595
/wiki/Japanese_sound_symbolism,2495
/wiki/Vietnamese_language,40218
/wiki/Hungarian_Braille,1041
/wiki/Phytoplankton,32125
/wiki/New_Zealand_Cat_Fancy,-1
/wiki/King_James_Version,71026
/wiki/Crepuscular_rays,12295
/wiki/Botanical_nomenclature,4083
/wiki/ICZN_Code,139
/wiki/Cosimo_III,107
/wiki/Eastern_Europe,76667
/wiki/Yarsanism,5814
/wiki/Collective_noun,16701
/wiki/Mut,6582
/wiki/Johann_Georg_von_Eckhart,238
/wiki/Irreligion_in_the_United_Kingdom,631
/wiki/Ubisoft,59007
/wiki/Flora_Lapponica,253
/wiki/Felidae,67049
/wiki/Wave_propagation,8118
/wiki/Carboniferous,99862
/wiki/Alan_Gardiner,1006
/wiki/Special_case,755
/wiki/Timeline_of_the_evolutionary_history_of_life,49208
/wiki/Shillourokambos,543
/wiki/Hungarian_ly,321
/wiki/Coptic_literature,425
/wiki/Ideogram,8165
/wiki/Estonian_language,17320
/wiki/Taxa,2741
/wiki/Fat,53292
/wiki/Armenia,211370
/wiki/M60_tank,894
/wiki/Gene_flow,8268
/wiki/Vagina,342387
/wiki/Labiodental_consonant,2787
/wiki/Karl_Richard_Lepsius,1097
/wiki/Fly,27216
/wiki/Blue_whale,157910
/wiki/Bhutan,192428
/wiki/Offspring,10647
/wiki/Endostyle,1806
/wiki/Varieties_of_Arabic,12909
/wiki/Shaanxi_province,280
/wiki/United_States,1487588
/wiki/Cursive_hieroglyphs,1941
/wiki/Associazione_Nazionale_Felina_Italiana,356
/wiki/Radian,44370
/wiki/William_John_Burchell,627
/wiki/Uzhhorod_Raion,210
/wiki/Spermatogenesis,30111
/wiki/Japan_Alps,179
/wiki/Sauropsida,5695
/wiki/Insect,73152
/wiki/Bengal,43959
/wiki/American_Curl,6578
/wiki/Southern_Denmark,83
/wiki/India,1061562
/wiki/Tina_Turner,236716
/wiki/Pyramid_Texts,5641
/wiki/Yeoman,20615
/wiki/Hungarian_gy,288
/wiki/List_of_taxa_named_by_anagrams,-1
/wiki/Phenotype,40753
/wiki/Image_intensifier,4257
/wiki/Angular_frequency,30661
/wiki/Chimney_swift,2387
/wiki/Yemeni_Arabic,2130
/wiki/Javan_torrent_frog,155
/wiki/Mutation,60093
/wiki/Tourism_in_Egypt,7306
/wiki/Ingressive,222
/wiki/Blink,2388
/wiki/Testes,6943
/wiki/Neural_pathway,5144
/wiki/Niger,75224
/wiki/Humerus,28451
/wiki/Raccoons,760
/wiki/Korean_War,283560
/wiki/Physical_trauma,7481
/wiki/Scientific_description,113
/wiki/Al_Dabbah,11
/wiki/Common_buzzard,12301
/wiki/Latissimus_dorsi,5610
/wiki/Pharaoh,61491
/wiki/Cataracts_of_the_Nile,8628
/wiki/Buz_Sawyer,833
/wiki/Deer,97099
/wiki/Monotypic_taxon,2576
/wiki/Squirrel,60409
/wiki/Bengt_Skytte,152
/wiki/Fibrous_tunic_of_eyeball,1035
/wiki/United_Arab_Emirates,428872
/wiki/Kodiak_Island,8624
/wiki/Italy,316190
/wiki/Spatial_period,12
/wiki/Indonesian_language,42132
/wiki/New_Zealand,417400
/wiki/The_International_Cat_Association,1781
/wiki/Tyrannosaurus_rex,5462
/wiki/Talysh_language,2018
/wiki/Demonym,59942
/wiki/Aswan,9585
/wiki/Oldfield_Thomas,562
/wiki/Teosinte,2391
/wiki/National_Transportation_Safety_Board,9044
/wiki/The_Middle_East,765
/wiki/Countries_of_the_United_Kingdom,74373
/wiki/Okunev_culture,453
/wiki/The_Rime_of_the_Ancient_Mariner,50785
/wiki/Pinniped,43879
/wiki/Binocular_vision,14157
/wiki/Phlox_drummondii,683
/wiki/International_Code_of_Zoological_Nomenclature,4457
/wiki/Middle_Egyptian_language,794
/wiki/Rhinarium,2282
/wiki/Book_of_the_Dead,36223
/wiki/Starlight,2771
/wiki/Middle_Low_German,2476
/wiki/Cough_reflex,5931
/wiki/Asia,165192
/wiki/Decipherment_of_Egyptian_hieroglyphs,1966
/wiki/Great_Britain,163464
/wiki/Feliformia,17289
/wiki/Granivore,351
/wiki/Medicine,81174
/wiki/Sekhmet,26070
/wiki/Transitional_fossil,10081
/wiki/Selection_pressure,304
/wiki/Genus,62684
/wiki/Convention_on_the_Conservation_of_Migratory_Species_of_Wild_Animals,2008
/wiki/Rod_cell,14253
/wiki/Ankle_jerk_reflex,8832
/wiki/The_Free_Dictionary,77
/wiki/Seminiferous_tubules,844
/wiki/Coptic_Catholic_Church,4685
/wiki/Carnivora,38676
/wiki/Cat_pheromone,2779
/wiki/Nematode,56579
/wiki/Root_word,656
/wiki/Language,101357
/wiki/NatureServe_conservation_status,1503
/wiki/Insular_Celtic_languages,4447
/wiki/Cheek_pouch,2090
/wiki/Monochromatic_radiation,-1
/wiki/Phase_velocity,16650
/wiki/Standard_English,9118
/wiki/Index_of_evolutionary_biology_articles,1308
/wiki/Animal_training,4659
