Query,AutocompletePacketSize,NumSearchResults
u,282,0
un,311,0
und,344,0
unde,350,0
under,351,0
unders,351,0
underst,355,0
understa,362,0
understan,373,0
understand,369,0
understandi,419,0
understandin,420,0
understanding,421,0
understandings,371,94800000
c,271,0
co,292,0
con,323,0
conv,315,0
conve,320,0
conver,362,0
convers,340,0
conversa,366,0
conversat,367,0
conversati,383,0
conversatio,389,0
conversation,390,0
conversations,430,3220000000
d,291,0
di,311,0
dis,329,0
disa,327,0
disap,371,0
disapp,338,0
disappe,345,0
disappea,346,0
disappear,347,0
disappeari,358,0
disappearin,359,0
disappearing,360,896000000
i,288,0
in,321,0
inf,313,0
info,341,0
infor,345,0
inform,366,0
informa,372,0
informat,394,0
informati,425,0
informatio,441,0
information,466,0
informations,376,19610000000
g,303,0
gr,290,0
gra,337,0
gran,315,0
grand,322,0
grandm,357,0
grandmo,355,0
grandmot,356,0
grandmoth,357,0
grandmothe,358,0
grandmother,359,0
grandmothers,366,333000000
g,303,0
gr,290,0
gra,337,0
gran,315,0
grand,322,0
grandf,397,0
grandfa,398,0
grandfat,399,0
grandfath,400,0
grandfathe,401,0
grandfather,402,0
grandfathers,381,17500000
q,270,0
qu,291,0
que,332,0
ques,332,0
quest,335,0
questi,382,0
questio,386,0
question,387,0
questioni,352,0
questionin,353,0
questioning,354,0
questionings,440,478000
a,320,0
ap,306,0
app,304,0
appr,306,0
appro,318,0
approa,347,0
approac,340,0
approach,349,0
approachi,344,0
approachin,349,0
approaching,350,390000000
u,282,0
un,311,0
und,344,0
unde,354,0
under,355,0
unders,351,0
underst,355,0
understa,362,0
understan,373,0
understand,369,0
understands,389,4570000000
i,288,0
im,291,0
imm,323,0
imme,303,0
immed,362,0
immedi,353,0
immedia,364,0
immediat,373,0
immediate,374,0
immediatel,374,0
immediately,375,3320000000
p,293,0
po,290,0
pos,300,0
posi,344,0
posit,375,0
positi,357,0
positio,371,0
position,372,0
positioni,382,0
positionin,383,0
positioning,384,355000000
t,281,0
tr,318,0
tra,319,0
trav,309,0
trave,331,0
travel,338,0
travell,364,0
travelli,390,0
travellin,404,0
travelling,405,0
travellings,341,242000
q,270,0
qu,291,0
que,328,0
ques,332,0
quest,335,0
questi,382,0
questio,386,0
question,387,0
questione,355,0
questioner,366,0
questioners,450,1110000
r,285,0
re,291,0
rec,302,0
reco,317,0
recog,349,0
recogn,350,0
recogni,351,0
recogniz,331,0
recognizi,387,0
recognizin,388,0
recognizing,389,2650000000
r,247,0
re,291,0
rec,302,0
reco,317,0
recog,349,0
recogn,350,0
recogni,351,0
recogniz,331,0
recognize,330,0
recognizer,339,0
recognizers,358,517000
t,281,0
te,311,0
tel,289,0
tele,313,0
telev,357,0
televi,370,0
televis,398,0
televisi,378,0
televisio,387,0
television,388,0
televisions,365,2170000000
r,285,0
re,291,0
rem,324,0
reme,304,0
remem,358,0
rememb,359,0
remembe,364,0
remember,365,0
rememberi,360,0
rememberin,361,0
remembering,362,1080000000
r,285,0
re,291,0
rem,324,0
reme,304,0
remem,358,0
rememb,359,0
remembe,364,0
remember,365,0
remembere,321,0
rememberer,384,0
rememberers,320,58500
e,272,0
ex,314,0
exp,313,0
expr,359,0
expre,360,0
expres,361,0
express,362,0
expressi,367,0
expressio,417,0
expression,388,0
expressions,395,3770000000
d,294,0
di,311,0
dis,329,0
disc,364,0
disco,335,0
discov,356,0
discove,357,0
discover,358,0
discoveri,359,0
discoverin,400,0
discovering,401,430000000
d,294,0
di,311,0
dis,329,0
disa,327,0
disap,337,0
disapp,334,0
disappe,355,0
disappea,356,0
disappear,357,0
disappeare,350,0
disappeared,354,1340000000
i,220,0
in,321,0
int,365,0
inte,382,0
inter,384,0
intere,351,0
interes,352,0
interest,353,0
interesti,390,0
interestin,391,0
interesting,392,3040000000
s,249,0
st,284,0
str,327,0
stra,347,0
strai,376,0
straig,350,0
straigh,351,0
straight,352,0
straighte,331,0
straightes,391,0
straightest,392,2610000
c,265,0
co,281,0
con,251,0
cont,300,0
contr,310,0
contro,323,0
control,351,0
controll,386,0
controlle,411,0
controller,384,0
controllers,378,970000000
c,265,0
co,292,0
con,319,0
cont,300,0
contr,310,0
contro,323,0
control,351,0
controll,386,0
controlli,365,0
controllin,380,0
controlling,381,1100000000
c,265,0
co,292,0
con,319,0
cons,339,0
consi,248,0
consid,324,0
conside,325,0
consider,326,0
consideri,381,0
considerin,382,0
considering,383,4380000000
r,285,0
re,291,0
rem,244,0
reme,304,0
remem,358,0
rememb,359,0
remembe,394,0
remember,395,0
remembere,321,0
remembered,366,1050000000
c,265,0
ci,321,0
cig,313,0
ciga,315,0
cigar,316,0
cigare,342,0
cigaret,347,0
cigarett,348,0
cigarette,349,0
cigarettes,361,242000000
c,265,0
co,292,0
com,305,0
comp,330,0
compa,310,0
compan,348,0
company,346,0
companyi,276,0
companyin,317,0
companying,361,928000
c,265,0
co,292,0
com,305,0
comp,262,0
compl,346,0
comple,357,0
complet,347,0
complete,344,0
completel,384,0
completely,385,3410000000
s,249,0
sp,305,0
spr,262,0
spre,295,0
sprea,331,0
spread,332,0
spreadi,333,0
spreadin,334,0
spreading,335,0
spreadings,349,582000000
c,265,0
co,292,0
con,251,0
cons,339,0
consi,248,0
consid,324,0
conside,325,0
consider,326,0
considere,311,0
considered,349,5910000000
c,265,0
co,292,0
con,319,0
cont,300,0
conti,304,0
contin,311,0
continu,328,0
continui,393,0
continuin,425,0
continuing,426,1660000000
c,265,0
co,292,0
con,319,0
cont,300,0
contr,310,0
contro,323,0
control,351,0
controll,393,0
controlle,411,0
controlled,445,1800000000
s,310,0
st,284,0
sta,320,0
stat,355,0
stati,300,0
statio,317,0
station,318,0
stationi,308,0
stationin,327,0
stationing,347,2060000
s,310,0
st,284,0
str,327,0
stra,347,0
strai,349,0
straig,350,0
straigh,378,0
straight,352,0
straighte,331,0
straighter,356,39100000
s,310,0
st,284,0
str,327,0
stre,314,0
stret,343,0
stretc,344,0
stretch,345,0
stretchi,370,0
stretchin,371,0
stretching,372,1510000000
b,297,0
bu,289,0
bus,306,0
busi,389,0
busin,390,0
busine,391,0
busines,392,0
business,393,0
businesse,414,0
businesses,415,9900000000
s,310,0
so,310,0
som,332,0
some,424,0
someb,376,0
somebo,397,0
somebod,398,0
somebodi,380,0
somebodie,479,0
somebodies,480,3000000
s,310,0
so,310,0
sol,294,0
sold,301,0
soldi,339,0
soldie,340,0
soldier,371,0
soldieri,324,0
soldierin,336,0
soldiering,337,4720000
c,265,0
co,292,0
cou,301,0
coun,345,0
count,335,0
counte,331,0
counter,342,0
counteri,405,0
counterin,406,0
countering,418,396000000
d,294,0
da,312,0
dar,280,0
dark,294,0
darkn,375,0
darkne,342,0
darknes,358,0
darkness,359,0
darknesse,363,0
darknesses,352,238000
s,310,0
si,292,0
sit,286,0
situ,372,0
situa,367,0
situat,368,0
situati,384,0
situatio,385,0
situation,386,0
situations,386,4020000000
d,294,0
di,311,0
dir,323,0
dire,344,0
direc,321,0
direct,346,0
directi,371,0
directio,372,0
direction,373,0
directions,364,2930000000
d,294,0
di,311,0
dis,329,0
disa,327,0
disap,337,0
disapp,334,0
disappe,355,0
disappea,356,0
disappear,357,0
disappears,334,998000000
y,198,0
yo,301,0
you,302,0
youn,319,0
young,320,0
youngl,310,0
youngli,318,0
younglin,314,0
youngling,315,0
younglings,309,3850000
s,310,0
su,291,0
sug,232,0
sugg,306,0
sugge,312,0
sugges,313,0
suggest,314,0
suggesti,315,0
suggestin,331,0
suggesting,332,3960000000
a,313,0
af,280,0
aft,301,0
afte,299,0
after,300,0
aftern,356,0
afterno,357,0
afternoo,358,0
afternoon,359,0
afternoons,406,970000000
b,297,0
br,312,0
bre,324,0
brea,355,0
breat,344,0
breath,345,0
breathi,373,0
breathin,374,0
breathing,375,0
breathings,366,484000
d,294,0
di,311,0
dis,329,0
dist,347,0
dista,371,0
distan,369,0
distanc,382,0
distanci,348,0
distancin,365,0
distancing,366,227000000
s,310,0
sh,288,0
she,289,0
shee,266,0
sheet,311,0
sheeti,304,0
sheetin,314,0
sheeting,315,0
sheetings,320,880000
s,310,0
sh,288,0
sha,292,0
shad,333,0
shado,327,0
shadow,328,0
shadowi,360,0
shadowin,361,0
shadowing,362,61400000
s,310,0
se,299,0
set,299,0
sett,276,0
settl,298,0
settli,325,0
settlin,326,0
settling,327,0
settlings,318,402000
s,310,0
se,299,0
ser,294,0
serv,302,0
servi,339,0
servic,340,0
servici,346,0
servicin,347,0
servicing,348,385000000
s,310,0
se,299,0
ser,294,0
seri,304,0
serio,297,0
seriou,298,0
serious,299,0
seriousl,343,0
seriously,344,709000000
s,310,0
se,299,0
sec,305,0
seco,362,0
secon,363,0
second,364,0
secondi,276,0
secondin,299,0
seconding,317,3450000
s,310,0
se,299,0
sea,324,0
sear,312,0
searc,325,0
search,326,0
searchi,361,0
searchin,362,0
searching,363,11070000000
s,310,0
sc,290,0
scr,272,0
scre,310,0
screa,286,0
scream,314,0
screami,339,0
screamin,340,0
screaming,342,551000000
t,281,0
te,311,0
tea,311,0
teac,338,0
teach,355,0
teachi,377,0
teachin,378,0
teaching,379,0
teachings,355,1580000000
b,294,0
bo,292,0
bot,293,0
both,288,0
bothe,293,0
bother,301,0
botheri,305,0
botherin,306,0
bothering,307,344000000
e,272,0
ev,326,0
eve,326,0
ever,324,0
every,416,0
everyb,398,0
everybo,399,0
everybod,402,0
everybody,403,645000000
b,294,0
bo,292,0
bot,293,0
both,288,0
bothe,297,0
bother,301,0
bothere,332,0
botherer,346,0
botherers,304,42400
b,294,0
bo,292,0
bot,293,0
bott,331,0
botto,350,0
bottom,351,0
bottomi,358,0
bottomin,359,0
bottoming,360,15700000
e,272,0
ex,314,0
exc,290,0
exce,318,0
excep,314,0
except,315,0
excepti,336,0
exceptin,316,0
excepting,339,70700000
e,272,0
ex,314,0
exp,313,0
expe,319,0
expec,320,0
expect,321,0
expecti,333,0
expectin,348,0
expecting,349,263000000
e,272,0
ex,314,0
exp,313,0
expl,285,0
expla,330,0
explai,328,0
explain,329,0
explaine,322,0
explained,340,4040000000
s,310,0
su,290,0
sur,299,0
surp,304,0
surpr,326,0
surpri,357,0
surpris,358,0
surprise,353,0
surprised,350,1380000000
s,310,0
su,290,0
sur,299,0
surp,304,0
surpr,326,0
surpri,357,0
surpris,328,0
surprise,353,0
surprises,361,736000000
w,284,0
wa,304,0
wat,274,0
wate,266,0
water,267,0
wateri,311,0
waterin,313,0
watering,314,0
waterings,346,941000
r,278,0
re,291,0
ret,305,0
retu,325,0
retur,326,0
return,327,0
returni,395,0
returnin,396,0
returning,397,4290000000
s,310,0
su,290,0
sur,299,0
surf,318,0
surfa,336,0
surfac,337,0
surfaci,324,0
surfacin,341,0
surfacing,342,44000000
f,300,0
fa,294,0
fam,307,0
fami,308,0
famil,309,0
famili,319,0
familia,339,0
familiar,355,0
familiars,310,1170000000
f,300,0
fa,294,0
fat,331,0
fath,328,0
fathe,338,0
father,339,0
fatheri,352,0
fatherin,353,0
fathering,354,4880000
r,278,0
re,291,0
rem,320,0
remi,276,0
remin,338,0
remind,332,0
remindi,307,0
remindin,308,0
reminding,309,584000000
s,310,0
su,290,0
sup,292,0
supp,327,0
suppo,297,0
suppos,331,0
supposi,388,0
supposin,327,0
supposing,342,52000000
b,294,0
br,316,0
bre,324,0
brea,321,0
breas,370,0
breast,371,0
breasti,319,0
breastin,323,0
breasting,330,1220000
a,299,0
at,276,0
att,316,0
atta,360,0
attac,357,0
attack,400,0
attacki,365,0
attackin,365,0
attacking,366,2770000000
r,278,0
re,291,0
rem,320,0
reme,304,0
remem,358,0
rememb,347,0
remembe,394,0
remember,365,0
remembers,315,3120000000
r,278,0
re,291,0
rem,320,0
rema,339,0
remai,353,0
remain,354,0
remaini,370,0
remainin,371,0
remaining,372,1410000000
b,294,0
br,316,0
bre,324,0
brea,321,0
breat,344,0
breath,345,0
breathe,330,0
breather,308,0
breathers,336,7520000
b,294,0
br,316,0
bri,336,0
brig,313,0
brigh,318,0
bright,319,0
brighte,355,0
brightes,386,0
brightest,387,256000000
b,294,0
br,316,0
bro,291,0
brow,298,0
brown,299,0
browni,320,0
brownin,325,0
browning,326,0
brownings,355,145000000
s,310,0
su,290,0
sug,306,0
sugg,302,0
sugge,308,0
sugges,309,0
suggest,310,0
suggeste,357,0
suggested,358,3500000000
f,300,0
fi,302,0
fig,305,0
figh,321,0
fight,322,0
fighti,364,0
fightin,365,0
fighting,366,0
fightings,369,2740000
a,299,0
at,276,0
att,316,0
atte,311,0
atten,320,0
attent,409,0
attenti,410,0
attentio,424,0
attention,425,2330000000
f,300,0
fi,302,0
fig,305,0
figu,348,0
figur,349,0
figuri,340,0
figurin,342,0
figuring,331,0
figurings,372,133000000
r,278,0
re,291,0
rec,296,0
rece,313,0
recei,298,0
receiv,340,0
receivi,358,0
receivin,359,0
receiving,360,1960000000
r,278,0
re,291,0
rea,295,0
reas,307,0
reaso,328,0
reason,342,0
reasoni,328,0
reasonin,329,0
reasoning,330,531000000
r,278,0
re,291,0
rea,295,0
real,340,0
reali,323,0
realiz,307,0
realizi,344,0
realizin,345,0
realizing,346,1280000000
f,300,0
fi,302,0
fin,341,0
fing,332,0
finge,357,0
finger,334,0
fingeri,393,0
fingerin,394,0
fingering,395,206000000
b,294,0
bu,285,0
bui,310,0
buil,326,0
build,334,0
buildi,369,0
buildin,347,0
building,348,0
buildings,385,3770000000
s,310,0
st,284,0
stu,289,0
stup,285,0
stupi,318,0
stupid,319,0
stupide,304,0
stupides,314,0
stupidest,315,17000000
s,310,0
st,284,0
stu,289,0
stuf,332,0
stuff,333,0
stuffi,305,0
stuffin,312,0
stuffing,313,0
stuffings,340,127000000
q,274,0
qu,295,0
que,320,0
ques,328,0
quest,350,0
questi,381,0
questio,382,0
question,383,0
questions,409,6450000000
w,284,0
wa,304,0
wat,274,0
watc,306,0
watch,307,0
watchi,340,0
watchin,341,0
watching,342,0
watchings,309,497000
f,300,0
fl,305,0
fla,292,0
flas,285,0
flash,296,0
flashi,368,0
flashin,369,0
flashing,370,0
flashings,350,5840000
s,310,0
st,284,0
str,327,0
stro,287,0
stron,354,0
strong,332,0
stronge,369,0
stronges,401,0
strongest,400,1630000000
s,310,0
st,284,0
str,327,0
stri,279,0
strik,325,0
striki,355,0
strikin,356,0
striking,357,0
strikings,290,68800
f,300,0
fl,305,0
fli,302,0
flig,325,0
fligh,326,0
flight,327,0
flighti,308,0
flightin,314,0
flighting,351,1130000
f,300,0
fl,305,0
flo,331,0
flow,347,0
flowe,348,0
flower,349,0
floweri,359,0
flowerin,360,0
flowering,361,425000000
p,283,0
pr,333,0
pro,299,0
prom,310,0
promi,331,0
promis,329,0
promise,339,0
promiser,305,0
promisers,362,37300
p,283,0
pr,333,0
pro,299,0
prom,310,0
promi,331,0
promis,337,0
promisi,376,0
promisin,377,0
promising,378,623000000
b,298,0
ba,306,0
bat,315,0
bath,333,0
bathr,367,0
bathro,368,0
bathroo,369,0
bathroom,370,0
bathrooms,334,737000000
p,283,0
pr,333,0
pre,363,0
pret,326,0
prett,338,0
pretti,362,0
prettie,363,0
pretties,380,0
prettiest,405,157000000
p,283,0
pr,333,0
pre,363,0
pret,326,0
prete,356,0
preten,315,0
pretend,358,0
pretende,325,0
pretended,354,326000000
s,310,0
st,297,0
str,327,0
stre,314,0
stret,339,0
stretc,340,0
stretch,371,0
stretche,370,0
stretched,312,678000000
f,300,0
fo,262,0
for,310,0
fore,321,0
foreh,347,0
forehe,357,0
forehea,361,0
forehead,362,0
foreheads,322,11900000
f,300,0
fo,262,0
for,310,0
fore,321,0
fores,289,0
forest,285,0
foresti,308,0
forestin,280,0
foresting,312,339000
s,310,0
st,297,0
str,327,0
stre,314,0
stret,339,0
stretc,340,0
stretch,371,0
stretche,366,0
stretches,391,939000000
f,300,0
fo,262,0
for,310,0
forg,330,0
forgo,342,0
forgot,354,0
forgott,364,0
forgotte,365,0
forgotten,366,401000000
p,283,0
pr,333,0
pre,363,0
pres,322,0
press,374,0
pressi,309,0
pressin,321,0
pressing,322,0
pressings,303,5720000
s,310,0
st,297,0
str,327,0
stra,357,0
stran,371,0
strang,375,0
strange,376,0
stranges,320,0
strangest,335,44900000
p,283,0
pr,333,0
pre,363,0
prep,306,0
prepa,312,0
prepar,323,0
prepari,401,0
preparin,402,0
preparing,403,2140000000
f,300,0
fo,262,0
for,344,0
forw,355,0
forwa,356,0
forwar,357,0
forward,358,0
forwarde,314,0
forwarded,331,238000000
s,310,0
st,297,0
str,327,0
stra,357,0
stran,371,0
strang,375,0
strange,376,0
stranger,426,0
strangers,352,455000000
p,283,0
po,290,0
pos,300,0
poss,299,0
possi,322,0
possib,323,0
possibl,348,0
possible,384,0
possibles,310,7540000000
p,283,0
po,290,0
pos,300,0
posi,344,0
posit,345,0
positi,357,0
positio,371,0
position,372,0
positions,379,3860000000
s,310,0
st,297,0
str,327,0
stra,357,0
strai,380,0
straig,357,0
straigh,358,0
straight,383,0
straights,340,2780000000
p,283,0
po,290,0
poc,261,0
pock,295,0
pocke,314,0
pocket,315,0
pocketi,317,0
pocketin,318,0
pocketing,339,17300000
g,303,0
ga,270,0
gar,278,0
gard,316,0
garde,304,0
garden,311,0
gardeni,339,0
gardenin,358,0
gardening,359,949000000
p,283,0
pl,317,0
ple,304,0
plea,291,0
pleas,302,0
pleasi,354,0
pleasin,355,0
pleasing,356,0
pleasings,321,244000000
w,284,0
wo,290,0
won,291,0
wond,317,0
wonde,318,0
wonder,319,0
wonderi,306,0
wonderin,335,0
wondering,329,948000000
p,283,0
pi,258,0
pic,270,0
pict,313,0
pictu,324,0
pictur,325,0
picturi,282,0
picturin,356,0
picturing,357,19300000
p,283,0
pe,284,0
per,337,0
pers,327,0
perso,339,0
person,340,0
persona,346,0
personal,377,0
personals,349,48200000
p,283,0
pe,284,0
per,337,0
perf,305,0
perfe,334,0
perfec,335,0
perfect,336,0
perfecte,353,0
perfected,353,70500000
s,310,0
st,297,0
sto,303,0
stom,319,0
stoma,326,0
stomac,336,0
stomach,337,0
stomache,368,0
stomaches,372,177000
s,310,0
st,297,0
sto,303,0
stom,316,0
stoma,326,0
stomac,336,0
stomach,337,0
stomache,368,0
stomached,329,202000
c,265,0
ca,287,0
car,285,0
care,302,0
caref,330,0
carefu,340,0
careful,347,0
carefull,356,0
carefully,350,1460000000
s,310,0
st,297,0
sta,320,0
stat,364,0
stati,300,0
statio,317,0
station,318,0
statione,364,0
stationed,345,104000000
c,265,0
ca,287,0
cat,319,0
catc,316,0
catch,317,0
catchi,338,0
catchin,329,0
catching,342,0
catchings,339,398000000
p,283,0
pa,268,0
par,323,0
pare,307,0
paren,308,0
parent,339,0
parenti,366,0
parentin,384,0
parenting,385,707000000
p,283,0
pa,268,0
pai,292,0
pain,289,0
paint,311,0
painti,377,0
paintin,354,0
painting,355,0
paintings,357,1350000000
o,300,0
or,336,0
ord,306,0
orde,321,0
order,336,0
orderi,397,0
orderin,398,0
ordering,399,0
orderings,334,401000
g,303,0
gr,305,0
gro,334,0
grou,320,0
group,298,0
groupi,301,0
groupin,322,0
grouping,341,0
groupings,353,370000000
w,284,0
wi,303,0
win,341,0
wint,342,0
winte,367,0
winter,344,0
winteri,319,0
winterin,329,0
wintering,330,22900000
o,300,0
of,312,0
off,313,0
offi,324,0
offic,352,0
office,326,0
officer,321,0
officere,268,0
officered,328,1950000
o,300,0
of,312,0
off,313,0
offe,336,0
offer,301,0
offeri,345,0
offerin,346,0
offering,347,0
offerings,350,1320000000
c,265,0
ce,311,0
cen,324,0
cent,317,0
cente,370,0
center,397,0
centeri,304,0
centerin,334,0
centering,335,80600000
n,277,0
ne,275,0
nei,318,0
neig,337,0
neigh,338,0
neighb,339,0
neighbo,340,0
neighbor,371,0
neighbors,326,954000000
c,265,0
ce,311,0
cer,273,0
cert,311,0
certa,345,0
certai,340,0
certain,341,0
certainl,332,0
certainly,333,665000000
n,277,0
na,288,0
nar,295,0
narr,336,0
narro,351,0
narrow,352,0
narrowi,370,0
narrowin,371,0
narrowing,372,185000000
n,277,0
na,288,0
nar,295,0
narr,336,0
narro,351,0
narrow,352,0
narrowe,318,0
narrowes,378,0
narrowest,379,147000000
m,277,0
mo,309,0
mou,311,0
moun,327,0
mount,322,0
mounta,340,0
mountai,341,0
mountain,342,0
mountains,390,1480000000
m,277,0
mo,309,0
mot,297,0
moth,325,0
mothe,333,0
mother,334,0
motheri,326,0
motherin,327,0
mothering,328,16600000
m,277,0
mi,315,0
mir,316,0
mirr,326,0
mirro,323,0
mirror,328,0
mirrori,330,0
mirrorin,331,0
mirroring,332,117000000
m,277,0
mi,315,0
mid,315,0
midd,348,0
middl,349,0
middli,307,0
middlin,289,0
middling,310,0
middlings,339,924000
m,277,0
me,277,0
mes,270,0
mess,280,0
messa,296,0
messag,327,0
messagi,369,0
messagin,370,0
messaging,360,380000000
s,310,0
st,284,0
sta,320,0
stan,350,0
stand,375,0
standi,338,0
standin,339,0
standing,340,0
standings,319,167000000
m,277,0
me,277,0
men,290,0
ment,301,0
menti,304,0
mentio,299,0
mention,300,0
mentione,349,0
mentioned,350,3560000000
m,277,0
ma,285,0
mat,280,0
matt,300,0
matte,325,0
matter,335,0
matteri,282,0
matterin,328,0
mattering,328,2620000
m,277,0
ma,285,0
mar,306,0
marr,366,0
marri,372,0
marria,368,0
marriag,369,0
marriage,370,0
marriages,386,1140000000
h,289,0
hi,296,0
his,359,0
hist,346,0
histo,362,0
histor,397,0
histori,377,0
historie,314,0
histories,372,313000000
m,277,0
ma,285,0
mac,220,0
mach,302,0
machi,332,0
machin,330,0
machini,349,0
machinin,328,0
machining,329,98300000
h,289,0
ho,289,0
hos,291,0
hosp,331,0
hospi,332,0
hospit,348,0
hospita,349,0
hospital,350,0
hospitals,369,2280000000
l,282,0
li,289,0
lis,334,0
list,356,0
liste,298,0
listen,303,0
listeni,367,0
listenin,368,0
listening,369,1950000000
l,282,0
li,289,0
lig,293,0
ligh,304,0
light,305,0
lighti,362,0
lightin,363,0
lighting,375,0
lightings,298,19500000
s,310,0
sp,294,0
spr,262,0
spri,259,0
sprin,345,0
spring,352,0
springi,347,0
springin,349,0
springing,350,18500000
h,289,0
hu,294,0
hus,286,0
husb,341,0
husba,342,0
husban,343,0
husband,344,0
husbande,327,0
husbanded,326,853000
s,310,0
sp,294,0
spr,332,0
spre,299,0
sprea,339,0
spread,340,0
spreade,293,0
spreader,298,0
spreaders,341,46200000
w,284,0
wh,323,0
whi,314,0
whis,309,0
whisp,323,0
whispe,348,0
whisper,349,0
whispere,330,0
whispered,329,189000000
i,293,0
im,309,0
ima,276,0
imag,303,0
imagi,325,0
imagin,326,0
imagine,330,0
imaginer,334,0
imaginers,360,36200
i,293,0
im,309,0
imp,327,0
impo,291,0
impor,326,0
import,327,0
importa,372,0
importan,373,0
important,378,9860000000
l,282,0
la,289,0
lan,325,0
lang,304,0
langu,311,0
langua,337,0
languag,338,0
language,339,0
languages,368,6410000000
a,306,0
an,292,0
ans,299,0
answ,354,0
answe,355,0
answer,356,0
answeri,412,0
answerin,413,0
answering,414,2660000000
i,293,0
in,313,0
int,362,0
inte,371,0
inter,378,0
intere,355,0
interes,394,0
interest,395,0
interests,378,3490000000
s,310,0
sp,294,0
spi,303,0
spir,300,0
spiri,305,0
spirit,306,0
spiriti,290,0
spiritin,280,0
spiriting,321,604000
c,265,0
cl,290,0
cle,320,0
clea,321,0
clean,316,0
cleani,366,0
cleanin,367,0
cleaning,368,0
cleanings,330,20900000
k,255,0
kn,323,0
kno,325,0
knoc,337,0
knock,338,0
knocki,351,0
knockin,352,0
knocking,356,0
knockings,354,170000
s,310,0
so,304,0
sou,360,0
soun,300,0
sound,301,0
sounde,334,0
soundes,316,0
soundest,311,1230000
c,265,0
co,318,0
coa,290,0
coat,243,0
coati,283,0
coatin,306,0
coating,307,0
coatings,296,328000000
s,310,0
so,304,0
sou,360,0
soun,300,0
sound,301,0
sounde,334,0
sounder,342,0
sounders,345,28200000
c,265,0
co,284,0
col,356,0
coll,380,0
colle,385,0
colleg,401,0
college,402,0
colleges,361,3080000000
c,265,0
co,284,0
col,356,0
colo,352,0
color,355,0
colorf,329,0
colorfu,345,0
colorful,376,3030000000
w,284,0
wo,288,0
wou,344,0
woul,402,0
would,403,0
wouldn,414,0
wouldn-,420,0
wouldn-t,421,593000000
t,281,0
tr,318,0
tra,320,0
trai,302,0
train,311,0
traini,348,0
trainin,349,0
training,377,2890000000
c,265,0
co,284,0
col,356,0
colo,352,0
color,355,0
colore,366,0
colorer,291,0
colorers,358,75800
s,310,0
so,304,0
sor,281,0
sorr,300,0
sorri,264,0
sorrie,282,0
sorries,298,0
sorriest,330,197000
w,284,0
wo,288,0
wor,289,0
worr,270,0
worry,324,0
worryi,333,0
worryin,334,0
worrying,335,1570000000
b,298,0
be,283,0
bel,314,0
belo,331,0
belon,325,0
belong,327,0
belonge,283,0
belonged,303,608000000
a,306,0
ap,306,0
app,291,0
appr,306,0
appro,303,0
approa,335,0
approac,336,0
approach,337,2470000000
t,281,0
tr,318,0
tra,320,0
trac,316,0
track,322,0
tracki,376,0
trackin,347,0
tracking,348,3570000000
t,271,0
to,291,0
tou,281,0
touc,323,0
touch,332,0
touche,320,0
toucher,335,0
touchers,341,485000
w,284,0
wh,323,0
wha,328,0
what,329,0
whate,345,0
whatev,358,0
whateve,359,0
whatever,360,1150000000
t,271,0
to,291,0
top,282,0
topp,290,0
toppi,327,0
toppin,338,0
topping,343,0
toppings,325,277000000
c,265,0
co,284,0
con,321,0
conf,299,0
confu,301,0
confus,300,0
confuse,329,0
confused,338,1320000000
c,265,0
co,284,0
con,321,0
conf,329,0
confu,301,0
confus,300,0
confuse,329,0
confuses,332,172000000
w,284,0
wo,288,0
wor,289,0
work,314,0
worki,332,0
workin,337,0
working,332,0
workings,330,6090000000
b,298,0
be,283,0
bet,325,0
bett,339,0
bette,350,0
better,349,0
bettere,262,0
bettered,310,15600000
t,271,0
te,304,0
tee,322,0
teet,315,0
teeth,316,0
teethi,320,0
teethin,321,0
teething,322,47800000
t,271,0
to,291,0
ton,305,0
toni,294,0
tonig,358,0
tonigh,359,0
tonight,360,0
tonights,387,793000000
t,271,0
to,291,0
ton,305,0
tong,288,0
tongu,331,0
tongue,332,0
tonguer,293,0
tonguers,15,466000
t,271,0
to,291,0
ton,305,0
tong,288,0
tongu,331,0
tongui,336,0
tonguin,319,0
tonguing,346,18400000
a,305,0
ar,293,0
arr,323,0
arri,293,0
arriv,307,0
arrivi,302,0
arrivin,330,0
arriving,331,2180000000
c,265,0
co,284,0
con,321,0
cont,295,0
contr,298,0
contro,315,0
control,344,0
controls,412,5930000000
t,271,0
to,291,0
tog,276,0
toge,307,0
toget,341,0
togeth,343,0
togethe,344,0
together,345,5590000000
b,298,0
bl,266,0
bla,308,0
blac,242,0
black,310,0
blacki,309,0
blackin,309,0
blacking,338,9140000
b,298,0
bl,266,0
bla,308,0
blac,309,0
black,310,0
blacke,391,0
blackes,378,0
blackest,379,16100000
t,271,0
th,302,0
thr,313,0
thro,311,0
throw,306,0
throwe,284,0
thrower,293,0
throwers,305,10300000
b,298,0
bl,266,0
blo,287,0
bloc,287,0
block,288,0
blocki,320,0
blockin,334,0
blocking,335,1300000000
t,271,0
th,302,0
thr,313,0
thro,311,0
throw,306,0
throwi,319,0
throwin,320,0
throwing,321,1410000000
c,265,0
co,284,0
coo,262,0
cool,280,0
cooli,321,0
coolin,330,0
cooling,329,0
coolings,332,323000
s,310,0
so,304,0
som,332,0
some,433,0
someo,374,0
someon,375,0
someone,376,0
someones,403,5590000000
b,298,0
bl,266,0
blo,287,0
bloc,287,0
block,315,0
blocke,282,0
blocker,295,0
blockers,299,294000000
s,310,0
so,304,0
som,332,0
some,403,0
someb,377,0
somebo,398,0
somebod,399,0
somebody,400,899000000
t,271,0
th,302,0
thi,317,0
thir,300,0
thirt,313,0
thirti,323,0
thirtie,324,0
thirties,291,49000000
s,310,0
so,304,0
sol,296,0
sold,289,0
soldi,339,0
soldie,340,0
soldier,341,0
soldiers,365,736000000
c,265,0
co,237,0
cor,291,0
corn,293,0
corne,261,0
corner,318,0
cornere,322,0
cornered,326,60300000
w,284,0
we,329,0
wei,333,0
weig,361,0
weigh,362,0
weight,363,0
weighte,384,0
weighted,385,543000000
c,265,0
co,237,0
cou,287,0
coun,327,0
count,318,0
counti,350,0
countin,340,0
counting,341,3100000000
t,271,0
th,302,0
tho,314,0
thou,326,0
thoug,351,0
though,322,0
thought,376,0
thoughts,336,2990000000
c,265,0
co,237,0
cou,287,0
coun,327,0
count,318,0
counte,331,0
counter,347,0
counters,321,1510000000
t,271,0
th,302,0
thi,317,0
thin,316,0
thinn,321,0
thinne,312,0
thinner,307,0
thinners,335,290000000
t,271,0
th,302,0
thi,317,0
thin,316,0
thinn,321,0
thinni,336,0
thinnin,337,0
thinning,338,171000000
c,265,0
co,237,0
cou,287,0
cour,231,0
cours,346,0
coursi,318,0
coursin,308,0
coursing,329,10500000
t,271,0
th,302,0
thi,317,0
thin,316,0
thinn,321,0
thinne,312,0
thinnes,321,0
thinnest,331,243000000
c,265,0
cr,298,0
cra,336,0
craz,314,0
crazi,294,0
crazie,330,0
crazies,322,0
craziest,335,156000000
s,310,0
sn,267,0
sna,268,0
snap,305,0
snapp,294,0
snappi,372,0
snappin,373,0
snapping,374,95100000
c,265,0
cr,298,0
cre,325,0
crea,327,0
creat,331,0
creati,343,0
creatin,356,0
creating,357,6150000000
t,271,0
th,302,0
thi,317,0
thic,295,0
thick,308,0
thicke,351,0
thickes,352,0
thickest,353,42200000
s,310,0
sm,311,0
smo,331,0
smok,323,0
smoki,306,0
smokin,307,0
smoking,326,0
smokings,275,2400000
c,265,0
cr,298,0
cro,283,0
crow,304,0
crowd,308,0
crowdi,352,0
crowdin,346,0
crowding,355,74800000
s,310,0
sm,311,0
sme,299,0
smel,304,0
smell,324,0
smelli,342,0
smellin,350,0
smelling,351,426000000
s,310,0
sm,311,0
sma,295,0
smal,318,0
small,319,0
smalle,369,0
smalles,370,0
smallest,381,529000000
c,265,0
cu,314,0
cut,284,0
cutt,307,0
cutti,322,0
cuttin,361,0
cutting,369,0
cuttings,322,1370000000
s,310,0
sl,272,0
sli,260,0
slip,322,0
slipp,343,0
slippi,352,0
slippin,365,0
slipping,367,622000000
s,310,0
sl,272,0
sli,260,0
slig,302,0
sligh,335,0
slight,336,0
slightl,359,0
slightly,360,1800000000
d,294,0
da,318,0
dan,323,0
danc,331,0
danci,374,0
dancin,375,0
dancing,348,0
dancings,350,915000
s,310,0
sl,272,0
sle,300,0
slee,310,0
sleep,315,0
sleepe,334,0
sleeper,302,0
sleepers,316,143000000
s,310,0
sl,272,0
sle,300,0
slee,314,0
sleep,311,0
sleepi,343,0
sleepin,344,0
sleeping,345,1950000000
s,310,0
sl,272,0
sla,267,0
slam,306,0
slamm,336,0
slammi,337,0
slammin,338,0
slamming,344,149000000
w,284,0
wo,288,0
wor,289,0
word,317,0
wordi,310,0
wordin,337,0
wording,350,0
wordings,353,290000000
d,294,0
da,318,0
dar,293,0
dark,283,0
darkn,341,0
darkne,342,0
darknes,358,0
darkness,359,995000000
b,298,0
bo,299,0
boa,305,0
boat,325,0
boati,324,0
boatin,325,0
boating,326,0
boatings,318,86200
s,310,0
sk,271,0
ski,276,0
skin,307,0
skinn,288,0
skinni,339,0
skinnin,341,0
skinning,342,18100000
w,284,0
we,329,0
wed,336,0
wedd,343,0
weddi,344,0
weddin,345,0
wedding,346,0
weddings,306,1030000000
t,271,0
th,302,0
tha,319,0
than,324,0
thank,345,0
thanki,400,0
thankin,388,0
thanking,401,154000000
s,310,0
si,288,0
sit,273,0
sitt,322,0
sitti,327,0
sittin,339,0
sitting,340,0
sittings,302,1770000000
d,294,0
de,312,0
dec,326,0
deci,286,0
decid,286,0
decidi,290,0
decidin,350,0
deciding,351,1980000000
d,294,0
de,312,0
dec,326,0
deci,286,0
decid,286,0
decide,297,0
decider,318,0
deciders,315,652000
s,310,0
si,288,0
sin,298,0
sing,290,0
singl,310,0
singli,273,0
singlin,304,0
singling,305,47300000
s,310,0
si,288,0
sin,298,0
sing,290,0
singi,332,0
singin,333,0
singing,334,0
singings,323,310000
d,294,0
de,312,0
des,299,0
desp,329,0
despi,326,0
despit,337,0
despite,338,0
despites,315,185000
s,310,0
si,288,0
sim,269,0
simp,300,0
simpl,324,0
simple,333,0
simples,341,0
simplest,393,559000000
t,271,0
te,304,0
ter,313,0
terr,348,0
terri,327,0
terrib,336,0
terribl,337,0
terrible,350,432000000
s,310,0
si,288,0
sil,296,0
silv,329,0
silve,330,0
silver,361,0
silvere,327,0
silvered,317,8080000
t,271,0
te,304,0
tel,291,0
tell,317,0
telli,342,0
tellin,358,0
telling,376,0
tellings,323,828000
w,284,0
we,329,0
wea,341,0
wear,270,0
weari,305,0
wearin,315,0
wearing,324,0
wearings,329,3590000
y,287,0
yo,301,0
you,302,0
youn,323,0
young,324,0
younge,351,0
younges,394,0
youngest,395,252000000
s,310,0
si,288,0
sil,296,0
sile,322,0
silen,324,0
silenc,344,0
silence,345,0
silences,332,22800000
t,271,0
te,304,0
tea,311,0
teac,346,0
teach,363,0
teache,388,0
teacher,365,0
teachers,380,2730000000
b,298,0
bo,299,0
boo,267,0
book,250,0
booki,361,0
bookin,380,0
booking,381,0
bookings,355,1050000000
a,305,0
ag,281,0
agr,330,0
agre,304,0
agree,315,0
agreei,299,0
agreein,300,0
agreeing,301,468000000
a,305,0
at,281,0
att,316,0
atta,360,0
attac,357,0
attack,391,0
attacke,298,0
attacked,337,1830000000
b,298,0
bo,299,0
bot,293,0
both,298,0
bothe,297,0
bother,302,0
bothere,332,0
bothered,333,308000000
s,310,0
sw,282,0
swi,273,0
swin,262,0
swing,295,0
swinge,266,0
swinger,242,0
swingers,181,159000000
b,298,0
bo,299,0
bot,293,0
bott,327,0
bottl,307,0
bottli,354,0
bottlin,355,0
bottling,356,169000000
s,310,0
si,288,0
sil,296,0
sile,323,0
silen,324,0
silenc,344,0
silence,345,0
silenced,312,212000000
s,310,0
si,288,0
sig,326,0
sign,330,0
signi,358,0
signin,347,0
signing,360,0
signings,289,47300000
b,298,0
bo,299,0
bot,293,0
bott,327,0
botto,340,0
bottom,341,0
bottome,297,0
bottomed,329,30900000
s,310,0
sh,281,0
shu,303,0
shut,335,0
shutt,356,0
shutti,339,0
shuttin,340,0
shutting,341,215000000
s,310,0
sh,281,0
shr,287,0
shru,295,0
shrug,317,0
shrugg,305,0
shrugge,336,0
shrugged,337,72200000
w,284,0
wo,288,0
won,291,0
wond,343,0
wonde,318,0
wonder,319,0
wondere,294,0
wondered,310,354000000
s,310,0
sw,282,0
swi,273,0
swin,266,0
swing,284,0
swingi,335,0
swingin,336,0
swinging,329,133000000
d,294,0
do,292,0
doc,280,0
doct,326,0
docto,332,0
doctor,333,0
doctore,321,0
doctored,347,18500000
s,310,0
sw,282,0
swe,304,0
swee,333,0
sweet,332,0
sweete,362,0
sweetes,323,0
sweetest,324,119000000
s,310,0
sh,281,0
sho,296,0
show,306,0
showe,305,0
shower,306,0
showere,294,0
showered,341,236000000
s,310,0
sh,281,0
sho,296,0
show,306,0
showi,335,0
showin,333,0
showing,334,0
showings,339,27500000
d,294,0
do,292,0
doo,317,0
door,329,0
doorw,269,0
doorwa,276,0
doorway,277,0
doorways,321,105000000
s,310,0
sh,281,0
sho,296,0
shou,353,0
shout,309,0
shouti,311,0
shoutin,312,0
shouting,313,262000000
w,284,0
wr,281,0
wro,251,0
wron,319,0
wrong,320,0
wrongi,280,0
wrongin,289,0
wronging,317,425000
s,310,0
sh,281,0
sho,296,0
shor,342,0
short,352,0
shorte,365,0
shortes,403,0
shortest,404,250000000
d,294,0
dr,286,0
dra,269,0
drag,312,0
dragg,288,0
draggi,317,0
draggin,318,0
dragging,305,203000000
s,310,0
sh,281,0
sho,296,0
shoo,304,0
shoot,305,0
shoote,325,0
shooter,326,0
shooters,322,230000000
d,294,0
dr,286,0
dra,269,0
draw,292,0
drawi,308,0
drawin,313,0
drawing,318,0
drawings,344,2300000000
a,309,0
ac,269,0
act,318,0
actu,310,0
actua,311,0
actual,300,0
actuall,328,0
actually,329,3260000000
d,294,0
dr,286,0
dre,282,0
drea,298,0
dream,325,0
dreami,349,0
dreamin,360,0
dreaming,361,215000000
a,309,0
av,302,0
avo,358,0
avoi,349,0
avoid,364,0
avoidi,318,0
avoidin,319,0
avoiding,320,3220000000
s,310,0
sh,281,0
shi,288,0
shit,333,0
shitt,331,0
shitti,208,0
shittin,101,0
shitting,72,66500000
s,310,0
sh,281,0
shi,288,0
shir,313,0
shirt,286,0
shirti,269,0
shirtin,280,0
shirting,313,11900000
s,310,0
sh,281,0
shi,288,0
ship,316,0
shipp,393,0
shippi,392,0
shippin,393,0
shipping,394,1710000000
d,294,0
dr,286,0
dri,295,0
drin,333,0
drink,334,0
drinki,368,0
drinkin,369,0
drinking,370,2810000000
d,294,0
dr,286,0
dri,295,0
drin,333,0
drink,334,0
drinke,257,0
drinker,287,0
drinkers,295,53800000
b,298,0
br,305,0
bra,302,0
brai,293,0
brain,294,0
braini,292,0
brainin,296,0
braining,305,271000000
s,310,0
sh,281,0
sha,294,0
shar,296,0
sharp,316,0
sharpe,320,0
sharpes,346,0
sharpest,362,26400000
d,294,0
dr,286,0
dri,295,0
driv,357,0
drivi,339,0
drivin,340,0
driving,341,0
drivings,312,128000
s,310,0
sh,281,0
sha,294,0
shar,296,0
sharp,315,0
sharpe,320,0
sharper,354,0
sharpers,294,312000
d,294,0
dr,286,0
dro,286,0
drop,297,0
dropp,292,0
droppi,319,0
droppin,320,0
dropping,319,2630000000
d,294,0
dr,286,0
dro,282,0
drop,297,0
dropp,292,0
droppe,316,0
dropper,321,0
droppers,313,47000000
s,310,0
sh,281,0
sha,292,0
shad,329,0
shado,323,0
shadow,354,0
shadowe,330,0
shadowed,357,91500000
s,310,0
su,290,0
sur,288,0
surf,318,0
surfa,336,0
surfac,337,0
surface,342,0
surfaced,310,116000000
w,284,0
wa,300,0
was,357,0
wash,381,0
washi,382,0
washin,383,0
washing,384,0
washings,383,5520000
s,310,0
se,299,0
set,301,0
sett,276,0
setti,328,0
settin,326,0
setting,327,0
settings,332,6160000000
s,310,0
se,299,0
ser,281,0
serv,302,0
servi,337,0
servic,338,0
service,339,0
services,401,8920000000
s,310,0
se,299,0
ser,281,0
serv,302,0
servi,337,0
servic,338,0
service,339,0
serviced,348,248000000
e,269,0
ea,270,0
ear,312,0
earl,388,0
earli,360,0
earlie,361,0
earlies,385,0
earliest,386,565000000
b,298,0
ba,310,0
bac,317,0
back,310,0
backi,328,0
backin,329,0
backing,330,0
backings,389,4660000
e,269,0
ea,270,0
ear,312,0
eart,311,0
earth,312,0
earthi,311,0
earthin,318,0
earthing,319,28100000
s,310,0
se,299,0
ser,281,0
serv,302,0
servi,337,0
servin,317,0
serving,318,0
servings,366,208000000
b,298,0
br,305,0
bra,302,0
bran,317,0
branc,341,0
branch,356,0
branche,379,0
branches,377,2000000000
b,298,0
br,305,0
bra,302,0
bran,317,0
branc,341,0
branch,356,0
branche,379,0
branched,358,227000000
s,310,0
se,299,0
sec,305,0
seco,376,0
secon,377,0
second,398,0
seconde,301,0
seconded,324,21200000
s,310,0
se,299,0
sea,293,0
seat,315,0
seati,371,0
seatin,372,0
seating,373,0
seatings,304,5120000
s,310,0
su,290,0
sur,288,0
surf,318,0
surfa,336,0
surfac,337,0
surface,342,0
surfaces,313,2020000000
s,310,0
se,299,0
sea,288,0
sear,322,0
searc,362,0
search,336,0
searche,307,0
searched,337,2170000000
s,310,0
se,299,0
sea,293,0
sear,312,0
searc,362,0
search,336,0
searche,307,0
searches,359,11870000000
w,284,0
wa,300,0
wal,298,0
walk,323,0
walki,349,0
walkin,362,0
walking,363,0
walkings,303,307000
s,310,0
sc,296,0
scr,273,0
scre,311,0
scree,394,0
screen,395,0
screene,300,0
screened,324,230000000
w,284,0
wa,300,0
wai,309,0
wait,310,0
waiti,331,0
waitin,332,0
waiting,333,0
waitings,296,123000
s,310,0
sc,296,0
scr,273,0
scre,310,0
screa,286,0
scream,287,0
screame,292,0
screamed,316,406000000
s,310,0
su,290,0
sup,305,0
supp,336,0
suppo,319,0
suppos,335,0
suppose,345,0
supposed,335,2110000000
e,269,0
em,283,0
emp,302,0
empt,335,0
empti,260,0
emptie,280,0
empties,309,0
emptiest,349,233000
e,269,0
em,283,0
emp,302,0
empt,335,0
empty,336,0
emptyi,334,0
emptyin,335,0
emptying,336,139000000
b,298,0
br,305,0
bre,324,0
brea,325,0
break,340,0
breaki,363,0
breakin,368,0
breaking,369,3840000000
b,298,0
br,322,0
bre,324,0
brea,325,0
break,344,0
breake,336,0
breaker,333,0
breakers,351,194000000
s,310,0
sc,308,0
sch,316,0
scho,328,0
schoo,342,0
school,343,0
schoole,304,0
schooled,325,32300000
e,269,0
en,330,0
enj,308,0
enjo,307,0
enjoy,308,0
enjoyi,336,0
enjoyin,337,0
enjoying,338,2030000000
e,269,0
en,330,0
enj,308,0
enjo,303,0
enjoy,308,0
enjoye,272,0
enjoyer,292,0
enjoyers,310,1910000
e,269,0
en,330,0
ent,338,0
ente,364,0
enter,356,0
enteri,358,0
enterin,338,0
entering,339,3860000000
r,273,0
ru,273,0
run,262,0
runn,322,0
runni,335,0
runnin,336,0
running,337,0
runnings,302,2560000000
b,298,0
br,322,0
bre,324,0
brea,325,0
breas,374,0
breast,375,0
breaste,292,0
breasted,292,209000000
r,273,0
ro,272,0
rou,301,0
roun,342,0
round,343,0
rounde,315,0
rounder,320,0
rounders,328,87300000
r,273,0
ro,272,0
rou,301,0
roun,342,0
round,343,0
roundi,396,0
roundin,397,0
rounding,398,375000000
s,310,0
su,289,0
sup,309,0
supp,336,0
suppo,289,0
suppos,338,0
suppose,345,0
supposes,310,10400000
e,269,0
ev,311,0
eve,326,0
ever,328,0
every,420,0
everyo,394,0
everyon,395,0
everyone,396,2340000000
v,258,0
vi,288,0
vis,339,0
visi,335,0
visit,319,0
visito,350,0
visitor,351,0
visitors,329,2520000000
v,258,0
vi,288,0
vis,339,0
visi,335,0
visit,319,0
visiti,367,0
visitin,368,0
visiting,369,2170000000
b,298,0
br,322,0
bre,324,0
brea,325,0
breat,357,0
breath,358,0
breathe,318,0
breathed,316,314000000
e,269,0
ex,314,0
exc,283,0
exce,322,0
excep,318,0
except,319,0
excepte,355,0
excepted,356,59800000
r,273,0
ro,272,0
roo,286,0
roof,306,0
roofi,362,0
roofin,374,0
roofing,375,0
roofings,307,1360000
e,269,0
ex,314,0
exc,283,0
exci,310,0
excit,310,0
exciti,339,0
excitin,340,0
exciting,341,1130000000
b,298,0
br,322,0
bre,324,0
brea,325,0
breat,357,0
breath,358,0
breathe,318,0
breathes,301,720000000
e,269,0
ex,314,0
exp,313,0
expe,319,0
expec,301,0
expect,302,0
expecte,386,0
expected,387,1650000000
r,273,0
ro,272,0
rol,335,0
roll,349,0
rolli,348,0
rollin,355,0
rolling,353,0
rollings,343,654000000
b,298,0
ba,310,0
ban,383,0
bank,400,0
banki,348,0
bankin,349,0
banking,350,0
bankings,295,669000
e,269,0
ex,314,0
exp,313,0
expl,289,0
expla,317,0
explai,332,0
explain,357,0
explains,400,4480000000
v,258,0
vi,288,0
vil,300,0
vill,301,0
villa,302,0
villag,339,0
village,310,0
villages,353,1570000000
b,298,0
br,322,0
bri,336,0
brid,336,0
bridg,335,0
bridgi,353,0
bridgin,345,0
bridging,346,250000000
v,258,0
vi,288,0
vie,327,0
view,310,0
viewi,330,0
viewin,331,0
viewing,332,0
viewings,308,14900000
b,298,0
br,322,0
bri,336,0
brig,319,0
brigh,311,0
bright,312,0
brighte,349,0
brighter,336,326000000
r,273,0
ri,298,0
rin,298,0
ring,299,0
ringi,323,0
ringin,324,0
ringing,325,0
ringings,294,72000
r,273,0
ri,298,0
rig,334,0
righ,337,0
right,338,0
righti,341,0
rightin,325,0
righting,346,10800000
s,310,0
su,294,0
sui,320,0
suit,319,0
suiti,312,0
suitin,301,0
suiting,302,0
suitings,385,2130000
b,298,0
br,322,0
bri,336,0
brin,324,0
bring,338,0
bringi,360,0
bringin,361,0
bringing,362,3270000000
r,273,0
re,291,0
rev,329,0
reve,314,0
revea,303,0
reveal,304,0
reveale,328,0
revealed,339,1740000000
b,298,0
br,322,0
bri,336,0
brin,324,0
bring,334,0
bringe,297,0
bringer,316,0
bringers,338,1320000
r,273,0
re,291,0
ret,305,0
retu,325,0
retur,326,0
return,327,0
returne,345,0
returned,353,4660000000
f,300,0
fa,294,0
fai,304,0
fail,308,0
faili,351,0
failin,352,0
failing,353,0
failings,361,49400000
r,273,0
re,291,0
rep,303,0
repl,306,0
repli,306,0
replie,290,0
replier,288,0
repliers,321,133000
r,273,0
re,291,0
rep,303,0
repl,306,0
reply,299,0
replyi,376,0
replyin,377,0
replying,378,260000000
r,273,0
re,291,0
rep,303,0
repe,281,0
repea,318,0
repeat,294,0
repeate,342,0
repeated,370,1020000000
b,298,0
br,322,0
bro,292,0
brot,332,0
broth,343,0
brothe,344,0
brother,372,0
brothers,344,1910000000
w,284,0
wi,292,0
win,303,0
wint,352,0
winte,357,0
winter,358,0
wintere,294,0
wintered,284,1880000
f,300,0
fa,294,0
fam,307,0
fami,308,0
famil,339,0
famili,323,0
familie,391,0
families,403,5870000000
s,310,0
su,290,0
sug,306,0
sugg,306,0
sugge,312,0
sugges,313,0
suggest,314,0
suggests,345,2150000000
f,300,0
fa,294,0
far,304,0
fart,293,0
farth,337,0
farthe,349,0
farthes,365,0
farthest,366,91300000
f,300,0
fu,255,0
fur,315,0
furt,316,0
furth,341,0
furthe,337,0
furthes,355,0
furthest,356,71900000
f,300,0
fa,294,0
fat,328,0
fath,324,0
fathe,338,0
father,339,0
fathere,306,0
fathered,321,13500000
r,307,0
re,291,0
rem,320,0
remo,334,0
remov,388,0
removi,358,0
removin,359,0
removing,360,3690000000
r,273,0
re,291,0
rem,320,0
remi,284,0
remin,308,0
remind,336,0
reminde,370,0
reminded,319,497000000
a,299,0
al,286,0
all,340,0
allo,279,0
allow,320,0
allowi,318,0
allowin,319,0
allowing,330,4380000000
s,310,0
su,290,0
sud,285,0
sudd,323,0
sudde,324,0
sudden,325,0
suddenl,335,0
suddenly,335,1060000000
a,299,0
al,286,0
all,346,0
allo,279,0
allow,320,0
allowe,272,0
allower,304,0
allowers,376,37700
f,300,0
fe,329,0
fee,315,0
feed,323,0
feedi,364,0
feedin,365,0
feeding,366,0
feedings,353,9830000
b,298,0
bu,285,0
bui,344,0
buil,326,0
build,334,0
builde,362,0
builder,363,0
builders,381,573000000
b,298,0
bu,285,0
bur,306,0
burn,294,0
burni,331,0
burnin,332,0
burning,333,0
burnings,296,43700000
f,300,0
fe,329,0
fee,322,0
feel,306,0
feeli,342,0
feelin,343,0
feeling,371,0
feelings,363,2240000000
r,273,0
re,291,0
rem,320,0
rema,343,0
remai,353,0
remain,354,0
remaine,298,0
remained,315,736000000
r,273,0
re,291,0
ref,286,0
refu,306,0
refus,328,0
refusi,406,0
refusin,417,0
refusing,418,1180000000
s,310,0
st,290,0
stu,297,0
stup,285,0
stupi,304,0
stupid,305,0
stupide,305,0
stupider,324,2060000
w,284,0
wi,292,0
win,303,0
wind,341,0
windi,270,0
windin,329,0
winding,330,0
windings,360,159000000
a,299,0
al,286,0
alt,301,0
alth,298,0
altho,310,0
althou,334,0
althoug,337,0
although,338,2520000000
s,310,0
st,290,0
stu,297,0
stud,349,0
study,318,0
studyi,340,0
studyin,349,0
studying,380,1030000000
b,298,0
bu,285,0
bus,302,0
busi,380,0
busin,381,0
busine,412,0
busines,383,0
business,384,4870000000
a,305,0
an,303,0
ang,307,0
angr,293,0
angri,272,0
angrie,325,0
angries,326,0
angriest,327,3500000
f,300,0
fi,302,0
fig,334,0
figh,321,0
fight,322,0
fighte,332,0
fighter,333,0
fighters,339,825000000
s,310,0
st,290,0
stu,297,0
stud,349,0
stude,376,0
studen,373,0
student,378,0
students,393,2910000000
r,273,0
re,291,0
rec,300,0
rece,313,0
recei,294,0
receiv,340,0
receive,330,0
received,373,2610000000
t,272,0
tw,281,0
twe,306,0
twen,346,0
twent,363,0
twenti,302,0
twentie,307,0
twenties,285,108000000
r,289,0
re,291,0
rec,300,0
rece,313,0
recei,324,0
receiv,340,0
receive,330,0
receives,417,3410000000
f,300,0
fi,302,0
fil,250,0
fill,321,0
filli,285,0
fillin,350,0
filling,351,0
fillings,364,1250000000
r,273,0
re,291,0
rea,299,0
reas,311,0
reaso,332,0
reason,373,0
reasone,304,0
reasoned,334,505000000
f,300,0
fi,302,0
fin,341,0
find,335,0
findi,362,0
findin,363,0
finding,364,0
findings,331,2460000000
s,310,0
st,290,0
str,341,0
stro,295,0
stron,339,0
strong,344,0
stronge,399,0
stronger,367,870000000
t,272,0
tu,294,0
tur,279,0
turn,295,0
turni,321,0
turnin,364,0
turning,360,0
turnings,334,3000000
r,273,0
re,291,0
rea,299,0
real,351,0
reali,300,0
realiz,307,0
realize,321,0
realizes,308,969000000
r,289,0
re,291,0
rea,299,0
real,351,0
reali,300,0
realiz,307,0
realize,321,0
realized,366,1020000000
r,289,0
re,291,0
rea,299,0
read,303,0
readi,332,0
readie,271,0
readies,313,0
readiest,328,466000
f,300,0
fi,302,0
fin,341,0
fing,336,0
finge,337,0
finger,338,0
fingere,277,0
fingered,309,193000000
r,289,0
re,291,0
rea,299,0
read,303,0
ready,309,0
readyi,280,0
readyin,325,0
readying,329,19600000
t,272,0
tr,318,0
tru,287,0
trus,329,0
trust,330,0
truste,376,0
truster,283,0
trusters,344,197000
f,300,0
fi,302,0
fin,341,0
fini,303,0
finis,314,0
finish,315,0
finishe,327,0
finishes,317,1530000000
t,272,0
tr,318,0
tru,287,0
trus,329,0
trust,330,0
trusti,328,0
trustin,346,0
trusting,347,122000000
f,300,0
fi,302,0
fin,341,0
fini,303,0
finis,314,0
finish,315,0
finishe,327,0
finished,352,2070000000
r,289,0
re,291,0
rea,299,0
read,303,0
readi,332,0
readin,333,0
reading,334,0
readings,358,3130000000
r,289,0
re,291,0
rea,299,0
reac,320,0
reach,339,0
reache,329,0
reacher,337,0
reachers,322,29200000
r,289,0
re,291,0
rea,299,0
reac,320,0
reach,339,0
reachi,353,0
reachin,354,0
reaching,355,1450000000
q,274,0
qu,295,0
qui,289,0
quie,292,0
quiet,322,0
quiete,317,0
quieter,307,0
quieters,320,9840
q,274,0
qu,295,0
qui,289,0
quie,292,0
quiet,322,0
quiete,317,0
quietes,335,0
quietest,336,107000000
q,274,0
qu,295,0
qui,289,0
quie,292,0
quiet,322,0
quieti,301,0
quietin,295,0
quieting,301,4050000
f,300,0
fi,302,0
fit,303,0
fitt,289,0
fitti,334,0
fittin,339,0
fitting,340,0
fittings,329,519000000
q,274,0
qu,291,0
qui,285,0
quic,327,0
quick,342,0
quicke,356,0
quickes,401,0
quickest,402,536000000
w,284,0
wr,285,0
wri,325,0
writ,312,0
writi,339,0
writin,340,0
writing,341,0
writings,368,3870000000
b,298,0
be,275,0
bea,278,0
beac,310,0
beach,321,0
beachi,279,0
beachin,281,0
beaching,294,3560000
c,265,0
ca,306,0
cal,295,0
call,329,0
calli,338,0
callin,340,0
calling,328,0
callings,334,7180000
b,298,0
be,275,0
bea,278,0
beat,249,0
beati,303,0
beatin,355,0
beating,356,0
beatings,351,576000000
a,303,0
an,301,0
ans,299,0
answ,349,0
answe,350,0
answer,351,0
answere,315,0
answered,350,8300000000
f,300,0
fl,303,0
fla,288,0
flat,295,0
flatt,314,0
flatte,309,0
flattes,325,0
flattest,326,4900000
f,300,0
fl,303,0
fla,288,0
flat,295,0
flatt,314,0
flatti,276,0
flattin,292,0
flatting,293,4380000
f,300,0
fl,303,0
fli,306,0
flig,325,0
fligh,350,0
flight,327,0
flighte,258,0
flighted,311,1320000
t,272,0
tr,318,0
tro,280,0
trou,301,0
troub,331,0
troubl,351,0
trouble,352,0
troubled,373,201000000
f,300,0
fl,303,0
flo,336,0
flow,351,0
flowe,352,0
flower,353,0
flowere,313,0
flowered,299,32400000
p,288,0
pu,308,0
pul,330,0
pull,307,0
pulli,338,0
pullin,339,0
pulling,340,0
pullings,361,249000
s,310,0
st,290,0
sto,303,0
stor,311,0
storm,307,0
stormi,369,0
stormin,420,0
storming,424,121000000
c,265,0
co,284,0
cou,291,0
coul,325,0
could,386,0
couldn,435,0
couldn-,441,0
couldn-t,442,809000000
p,288,0
pr,333,0
pro,303,0
prom,319,0
promi,339,0
promis,367,0
promise,343,0
promised,341,859000000
p,288,0
pr,333,0
pro,303,0
prom,319,0
promi,339,0
promis,337,0
promise,343,0
promises,388,1510000000
c,265,0
co,284,0
cou,291,0
coul,325,0
could,359,0
couldn,435,0
couldn-,431,0
couldn-t,432,885000000
f,300,0
fo,262,0
fol,281,0
foll,332,0
follo,339,0
follow,340,0
followe,352,0
followed,343,3090000000
s,310,0
st,290,0
sto,303,0
stop,333,0
stopp,300,0
stoppe,313,0
stopper,289,0
stoppers,378,252000000
p,288,0
pr,333,0
pro,303,0
prob,318,0
probl,337,0
proble,338,0
problem,339,0
problems,389,8930000000
p,288,0
pr,333,0
pro,303,0
prob,318,0
proba,331,0
probab,383,0
probabl,377,0
probably,323,2260000000
p,288,0
pr,333,0
pre,363,0
pret,322,0
prett,334,0
pretti,365,0
prettie,366,0
prettier,336,42600000
s,310,0
st,290,0
sto,303,0
stop,306,0
stopp,300,0
stoppi,379,0
stoppin,380,0
stopping,381,2270000000
p,288,0
pr,333,0
pre,363,0
pret,322,0
prete,356,0
preten,315,0
pretend,315,0
pretends,337,333000000
s,310,0
st,306,0
sto,303,0
stom,317,0
stoma,322,0
stomac,328,0
stomach,329,0
stomachs,347,40200000
t,272,0
tr,318,0
tro,280,0
trou,301,0
troub,334,0
troubl,351,0
trouble,352,0
troubles,365,1560000000
p,288,0
pr,333,0
pre,363,0
pres,323,0
press,343,0
presse,335,0
presser,300,0
pressers,310,1870000
t,272,0
tr,318,0
tri,335,0
trip,307,0
tripp,273,0
trippi,350,0
trippin,326,0
tripping,340,148000000
s,310,0
st,306,0
sti,332,0
stic,290,0
stick,295,0
sticke,338,0
sticker,339,0
stickers,345,492000000
f,300,0
fo,262,0
for,319,0
fore,325,0
fores,289,0
forest,285,0
foreste,360,0
forested,305,74200000
w,284,0
wh,316,0
whi,314,0
whis,309,0
whisp,308,0
whispe,337,0
whisper,338,0
whispers,338,257000000
c,265,0
ca,306,0
car,302,0
carr,324,0
carry,330,0
carryi,394,0
carryin,395,0
carrying,396,5230000000
s,310,0
st,290,0
sti,332,0
stic,290,0
stick,295,0
sticki,311,0
stickin,320,0
sticking,336,1400000000
c,265,0
ca,306,0
car,228,0
carr,324,0
carri,322,0
carrie,255,0
carrier,341,0
carriers,331,1100000000
s,310,0
st,223,0
ste,291,0
step,343,0
stepp,319,0
steppi,395,0
steppin,396,0
stepping,391,304000000
s,310,0
st,290,0
ste,291,0
stea,299,0
steal,304,0
steale,340,0
stealer,341,0
stealers,357,38400000
f,300,0
fo,262,0
for,315,0
forw,351,0
forwa,352,0
forwar,353,0
forward,354,0
forwards,319,5200000000
s,310,0
st,223,0
ste,291,0
stea,299,0
steal,304,0
steali,320,0
stealin,321,0
stealing,322,535000000
b,298,0
be,275,0
bec,285,0
beco,345,0
becom,346,0
becomi,366,0
becomin,367,0
becoming,368,2530000000
p,288,0
pr,333,0
pre,363,0
prep,316,0
prepa,300,0
prepar,350,0
prepare,336,0
prepares,316,3570000000
p,288,0
pr,333,0
pre,363,0
prep,316,0
prepa,327,0
prepar,320,0
prepare,336,0
prepared,347,5410000000
p,288,0
po,200,0
pow,304,0
powe,305,0
power,306,0
poweri,298,0
powerin,316,0
powering,329,209000000
f,300,0
fr,303,0
fre,322,0
free,308,0
freei,317,0
freein,339,0
freeing,353,0
freeings,384,104000000
s,310,0
st,306,0
sta,320,0
stat,338,0
stati,304,0
statio,321,0
station,322,0
stations,326,3220000000
f,300,0
fr,303,0
fre,322,0
fres,318,0
fresh,311,0
freshe,287,0
freshes,330,0
freshest,376,215000000
b,298,0
be,275,0
bed,325,0
bedd,308,0
beddi,303,0
beddin,306,0
bedding,307,0
beddings,296,348000000
f,300,0
fr,303,0
fro,309,0
fron,360,0
front,391,0
fronti,385,0
frontin,320,0
fronting,337,17600000
f,300,0
fu,255,0
fuc,166,0
fuck,11,0
fucki,12,0
fuckin,13,0
fucking,14,0
fuckings,15,587000000
p,288,0
po,275,0
pol,286,0
poli,319,0
polic,335,0
polici,334,0
policin,314,0
policing,315,448000000
f,300,0
fu,255,0
fun,278,0
funn,312,0
funni,364,0
funnie,365,0
funnies,377,0
funniest,378,184000000
p,288,0
po,204,0
poi,299,0
poin,327,0
point,315,0
pointe,312,0
pointer,317,0
pointers,335,282000000
p,288,0
po,204,0
poi,299,0
poin,327,0
point,315,0
pointi,331,0
pointin,341,0
pointing,342,1280000000
c,257,0
ca,298,0
cat,319,0
catc,310,0
catch,311,0
catche,341,0
catcher,342,0
catchers,309,163000000
p,288,0
po,271,0
poc,265,0
pock,295,0
pocke,310,0
pocket,311,0
pockete,291,0
pocketed,302,11500000
g,299,0
ga,270,0
gar,270,0
gard,320,0
garde,304,0
garden,307,0
gardene,349,0
gardened,312,900000
s,310,0
st,290,0
sta,320,0
star,301,0
start,300,0
starte,311,0
starter,326,0
starters,334,1290000000
c,257,0
ce,297,0
cei,326,0
ceil,359,0
ceili,390,0
ceilin,391,0
ceiling,362,0
ceilings,376,765000000
g,299,0
ga,270,0
gat,282,0
gath,324,0
gathe,335,0
gather,336,0
gathere,311,0
gathered,309,1840000000
s,243,0
st,290,0
sta,320,0
star,301,0
start,300,0
starti,338,0
startin,343,0
starting,344,4250000000
c,196,0
ce,297,0
cen,253,0
cent,319,0
cente,366,0
center,422,0
centere,327,0
centered,312,923000000
p,288,0
pl,317,0
pla,340,0
plat,302,0
plati,351,0
platin,376,0
plating,311,0
platings,443,198000000
p,288,0
pl,317,0
pla,340,0
plas,336,0
plast,340,0
plasti,338,0
plastic,342,0
plastics,340,1750000000
p,288,0
pl,317,0
pla,340,0
plan,326,0
plann,366,0
planni,384,0
plannin,385,0
planning,386,2570000000
p,288,0
pi,276,0
pic,201,0
pict,313,0
pictu,316,0
pictur,317,0
picture,318,0
pictured,364,268000000
p,288,0
pi,276,0
pic,201,0
pict,313,0
pictu,316,0
pictur,317,0
picture,318,0
pictures,331,11580000000
p,288,0
pi,276,0
pic,266,0
pick,299,0
picki,297,0
pickin,319,0
picking,317,0
pickings,297,9000000
g,299,0
gl,284,0
gla,324,0
glan,288,0
glanc,297,0
glanci,304,0
glancin,305,0
glancing,306,704000000
y,290,0
yo,301,0
you,302,0
your,279,0
yours,323,0
yourse,332,0
yoursel,333,0
yourself,326,2970000000
c,257,0
ch,293,0
cha,291,0
chan,306,0
chanc,308,0
chanci,249,0
chancin,304,0
chancing,311,1910000
p,288,0
pe,286,0
per,333,0
perf,305,0
perfe,342,0
perfec,343,0
perfect,344,0
perfects,305,8050000
c,257,0
ch,293,0
cha,291,0
chan,306,0
chang,321,0
changi,350,0
changin,354,0
changing,355,12480000000
p,288,0
pe,286,0
peo,296,0
peop,318,0
peopl,319,0
peopli,292,0
peoplin,322,0
peopling,327,8390000
p,288,0
pa,268,0
par,319,0
part,331,0
party,312,0
partyi,300,0
partyin,304,0
partying,305,98800000
p,288,0
pa,268,0
par,319,0
part,331,0
parti,321,0
partin,312,0
parting,316,0
partings,332,1470000
p,288,0
pa,264,0
par,319,0
pare,303,0
paren,304,0
parent,305,0
parente,377,0
parented,310,2540000
g,299,0
gr,309,0
gra,346,0
grab,281,0
grabb,285,0
grabbi,268,0
grabbin,283,0
grabbing,284,797000000
g,299,0
gr,309,0
gra,346,0
grab,281,0
grabb,285,0
grabbe,314,0
grabber,312,0
grabbers,303,47300000
c,257,0
ch,293,0
cha,291,0
chan,306,0
chang,321,0
change,343,0
changer,303,0
changers,301,65800000
c,257,0
ch,293,0
che,295,0
chec,320,0
check,321,0
checki,367,0
checkin,380,0
checking,385,2170000000
s,310,0
st,290,0
sta,320,0
star,274,0
starr,321,0
starri,311,0
starrin,324,0
starring,325,444000000
b,298,0
be,275,0
bed,325,0
bedr,319,0
bedro,320,0
bedroo,343,0
bedroom,344,0
bedrooms,310,707000000
c,257,0
ch,293,0
che,295,0
chec,320,0
check,321,0
checke,308,0
checker,339,0
checkers,322,589000000
p,288,0
pa,264,0
pai,295,0
pair,324,0
pairi,346,0
pairin,337,0
pairing,331,0
pairings,308,364000000
o,293,0
ou,315,0
out,331,0
outs,309,0
outsi,345,0
outsid,346,0
outside,347,0
outsides,335,5100000
g,299,0
gr,309,0
gre,334,0
grea,324,0
great,345,0
greate,369,0
greates,418,0
greatest,421,2220000000
c,261,0
ch,305,0
che,295,0
chee,312,0
cheek,290,0
cheeki,303,0
cheekin,290,0
cheeking,320,363000
g,311,0
gr,309,0
gre,334,0
gree,292,0
green,299,0
greeni,350,0
greenin,329,0
greening,335,69300000
g,311,0
gr,309,0
gre,334,0
gree,295,0
green,299,0
greene,358,0
greenes,306,0
greenest,344,14100000
a,303,0
an,299,0
any,291,0
anyt,360,0
anyth,380,0
anythi,381,0
anythin,382,0
anything,410,4690000000
o,293,0
op,295,0
ope,320,0
open,340,0
openi,327,0
openin,344,0
opening,349,0
openings,387,4400000000
g,311,0
gu,281,0
gua,346,0
guar,416,0
guard,430,0
guardi,435,0
guardin,313,0
guarding,324,195000000
o,293,0
of,324,0
off,325,0
offi,324,0
offic,325,0
office,326,0
officer,330,0
officers,349,2200000000
g,311,0
gu,281,0
gue,288,0
gues,306,0
guess,307,0
guessi,321,0
guessin,322,0
guessing,323,194000000
c,261,0
ch,305,0
chi,303,0
chil,378,0
child,390,0
childr,378,0
childre,379,0
children,380,6820000000
a,303,0
an,299,0
any,291,0
anyw,321,0
anywh,345,0
anywhe,360,0
anywher,361,0
anywhere,362,1370000000
n,287,0
nu,280,0
num,305,0
numb,317,0
numbe,351,0
number,322,0
numbere,338,0
numbered,342,608000000
c,261,0
ch,305,0
cho,330,0
choi,346,0
choic,349,0
choice,350,0
choices,345,0
choicest,302,8760000
n,287,0
no,298,0
not,309,0
noti,322,0
notic,331,0
notice,323,0
noticer,311,0
noticers,346,44600
n,287,0
no,298,0
not,333,0
noti,322,0
notic,331,0
notici,375,0
noticin,359,0
noticing,360,176000000
h,293,0
ha,287,0
hal,308,0
hall,304,0
hallw,295,0
hallwa,343,0
hallway,344,0
hallways,295,243000000
n,287,0
no,298,0
not,309,0
noth,369,0
nothi,370,0
nothin,371,0
nothing,372,0
nothings,434,3560000000
h,293,0
ha,287,0
han,328,0
hang,309,0
hangi,337,0
hangin,338,0
hanging,339,0
hangings,374,41900000
n,287,0
no,298,0
nob,283,0
nobo,326,0
nobod,336,0
nobodi,300,0
nobodie,317,0
nobodies,320,3720000
a,303,0
ad,290,0
adm,329,0
admi,335,0
admit,317,0
admitt,336,0
admitte,349,0
admitted,350,1280000000
c,261,0
ch,305,0
cho,330,0
choo,315,0
choos,337,0
choosi,350,0
choosin,351,0
choosing,352,6310000000
c,261,0
ch,305,0
cho,330,0
choo,315,0
choos,337,0
choose,346,0
chooser,299,0
choosers,367,2210000
h,293,0
ha,287,0
hap,327,0
happ,328,0
happe,312,0
happen,313,0
happene,306,0
happened,309,9410000000
n,287,0
ne,295,0
nec,291,0
neck,287,0
necki,305,0
neckin,312,0
necking,328,0
neckings,219,24300
h,293,0
ha,287,0
hap,327,0
happ,352,0
happi,323,0
happie,340,0
happies,351,0
happiest,352,282000000
n,287,0
na,288,0
nar,302,0
narr,348,0
narro,356,0
narrow,357,0
narrowe,326,0
narrowed,313,217000000
n,287,0
na,288,0
nar,302,0
narr,348,0
narro,356,0
narrow,357,0
narrowe,326,0
narrower,343,172000000
s,310,0
sp,312,0
spo,309,0
spot,337,0
spott,368,0
spotti,400,0
spottin,401,0
spotting,402,447000000
c,261,0
ch,305,0
chu,298,0
chur,322,0
churc,331,0
church,332,0
churche,335,0
churches,336,1340000000
m,283,0
mo,313,0
mou,308,0
mout,291,0
mouth,292,0
mouthi,298,0
mouthin,299,0
mouthing,305,10700000
t,272,0
tr,315,0
tra,324,0
trav,305,0
trave,328,0
travel,338,0
travele,384,0
traveled,368,1220000000
m,283,0
mo,313,0
mot,305,0
moth,324,0
mothe,341,0
mother,338,0
mothere,318,0
mothered,323,975000
a,303,0
ac,269,0
acc,313,0
acce,321,0
accep,317,0
accept,318,0
accepte,314,0
accepted,316,7560000000
m,283,0
mo,313,0
mor,306,0
morn,316,0
morni,317,0
mornin,318,0
morning,319,0
mornings,376,3480000000
m,283,0
mi,316,0
mir,324,0
mirr,310,0
mirro,299,0
mirror,315,0
mirrore,331,0
mirrored,332,229000000
h,293,0
he,271,0
hea,308,0
head,307,0
headi,346,0
headin,353,0
heading,354,0
headings,336,1710000000
s,310,0
sp,312,0
spi,303,0
spir,334,0
spiri,305,0
spirit,306,0
spirite,323,0
spirited,324,140000000
h,293,0
he,271,0
hea,308,0
hear,320,0
heari,338,0
hearin,339,0
hearing,340,0
hearings,343,1290000000
h,293,0
he,271,0
hea,308,0
heat,287,0
heati,363,0
heatin,364,0
heating,365,0
heatings,319,401000
c,261,0
ci,301,0
cir,316,0
circ,339,0
circl,328,0
circli,323,0
circlin,325,0
circling,326,81600000
m,283,0
me,285,0
mes,286,0
mess,295,0
messa,296,0
messag,327,0
message,325,0
messaged,341,24900000
m,283,0
me,285,0
mes,286,0
mess,295,0
messa,296,0
messag,327,0
message,325,0
messages,349,5920000000
h,293,0
he,271,0
hea,308,0
heav,332,0
heavi,344,0
heavie,367,0
heavies,383,0
heaviest,384,397000000
w,284,0
wo,290,0
wou,356,0
woul,435,0
would,406,0
wouldn,444,0
wouldn-,420,0
wouldn-t,421,739000000
s,310,0
sp,312,0
spi,307,0
spin,305,0
spinn,315,0
spinne,321,0
spinner,322,0
spinners,342,193000000
m,279,0
me,285,0
men,294,0
ment,317,0
menti,315,0
mentio,307,0
mention,308,0
mentions,338,3500000000
h,297,0
he,271,0
hel,294,0
help,321,0
helpi,357,0
helpin,388,0
helping,389,0
helpings,302,4550000
c,265,0
cl,287,0
cle,310,0
clea,321,0
clean,316,0
cleane,326,0
cleanes,380,0
cleanest,381,77200000
m,279,0
me,285,0
mem,313,0
memo,317,0
memor,333,0
memori,350,0
memorie,342,0
memories,343,585000000
m,279,0
me,285,0
mee,302,0
meet,315,0
meeti,371,0
meetin,372,0
meeting,373,0
meetings,348,2850000000
m,279,0
me,285,0
mea,288,0
mean,316,0
meani,370,0
meanin,344,0
meaning,372,0
meanings,328,13340000000
a,303,0
ap,310,0
app,301,0
appe,295,0
appea,342,0
appear,342,0
appeare,331,0
appeared,327,3250000000
m,279,0
ma,295,0
mat,284,0
matt,298,0
matte,329,0
matter,339,0
mattere,326,0
mattered,291,53700000
m,279,0
ma,295,0
mar,309,0
marr,369,0
marri,386,0
marrie,429,0
married,430,0
marrieds,303,782000
m,279,0
ma,295,0
mar,309,0
marr,369,0
marry,337,0
marryi,383,0
marryin,384,0
marrying,385,835000000
y,284,0
ye,284,0
yel,340,0
yell,367,0
yello,368,0
yellow,369,0
yellowe,306,0
yellowed,291,6900000
m,279,0
ma,295,0
mar,309,0
mark,318,0
marki,370,0
markin,297,0
marking,346,0
markings,362,839000000
m,279,0
ma,295,0
man,304,0
mana,309,0
manag,327,0
managi,364,0
managin,365,0
managing,366,7630000000
c,265,0
cl,287,0
cle,310,0
clea,321,0
clean,316,0
cleane,326,0
cleaner,320,0
cleaners,336,582000000
h,297,0
ho,291,0
hol,306,0
hold,291,0
holdi,372,0
holdin,373,0
holding,374,0
holdings,308,5110000000
m,279,0
ma,295,0
mac,291,0
mach,298,0
machi,316,0
machin,334,0
machine,337,0
machined,299,131000000
m,279,0
ma,295,0
mac,291,0
mach,298,0
machi,316,0
machin,334,0
machine,337,0
machines,349,3580000000
l,288,0
lu,301,0
lun,323,0
lunc,291,0
lunch,292,0
lunchi,265,0
lunchin,299,0
lunching,323,7500000
l,288,0
lu,298,0
luc,310,0
luck,290,0
lucki,347,0
luckie,383,0
luckies,384,0
luckiest,401,32000000
l,288,0
lo,277,0
low,308,0
lowe,309,0
lower,344,0
loweri,424,0
lowerin,425,0
lowering,426,632000000
l,288,0
lo,277,0
lon,314,0
long,328,0
longi,340,0
longin,350,0
longing,328,0
longings,303,5640000
c,265,0
cl,287,0
cle,310,0
clea,321,0
clear,318,0
cleare,282,0
cleares,370,0
clearest,375,56800000
l,288,0
lo,277,0
loc,316,0
lock,335,0
locki,339,0
lockin,340,0
locking,341,0
lockings,326,258000
l,288,0
li,295,0
lit,314,0
litt,309,0
littl,324,0
little,325,0
littles,311,0
littlest,370,25000000
l,288,0
li,295,0
lis,329,0
list,335,0
liste,349,0
listen,316,0
listene,380,0
listened,329,2820000000
h,297,0
ho,291,0
hou,330,0
hous,342,0
housi,369,0
housin,370,0
housing,371,0
housings,303,27100000
l,288,0
li,295,0
lig,301,0
ligh,311,0
light,312,0
lighte,325,0
lightes,362,0
lightest,363,121000000
l,288,0
li,295,0
lig,301,0
ligh,311,0
light,312,0
lighte,325,0
lighter,336,0
lighters,310,555000000
h,297,0
hu,289,0
hun,346,0
hund,334,0
hundr,350,0
hundre,351,0
hundred,352,0
hundreds,353,2060000000
h,297,0
hu,289,0
hur,300,0
hurr,336,0
hurry,294,0
hurryi,290,0
hurryin,291,0
hurrying,296,251000000
b,298,0
be,275,0
bel,320,0
beli,298,0
belie,320,0
believ,369,0
believe,343,0
believes,310,2710000000
s,310,0
sp,312,0
spe,358,0
spen,344,0
spend,321,0
spende,301,0
spender,347,0
spenders,331,47400000
b,298,0
be,275,0
bel,320,0
beli,298,0
belie,320,0
believ,342,0
believe,370,0
believed,372,949000000
h,297,0
hu,289,0
hus,297,0
husb,330,0
husba,331,0
husban,332,0
husband,333,0
husbands,369,1890000000
l,288,0
le,290,0
let,325,0
lett,329,0
lette,340,0
letter,341,0
lettere,287,0
lettered,315,21800000
l,288,0
le,290,0
let,325,0
lett,329,0
letti,340,0
lettin,353,0
letting,354,0
lettings,292,27700000
l,288,0
le,290,0
lea,301,0
lear,329,0
learn,330,0
learni,357,0
learnin,358,0
learning,359,3260000000
l,288,0
le,290,0
lea,301,0
lead,349,0
leadi,377,0
leadin,378,0
leading,379,0
leadings,313,872000
i,296,0
ig,281,0
ign,294,0
igno,306,0
ignor,301,0
ignori,312,0
ignorin,313,0
ignoring,314,1020000000
l,288,0
la,287,0
lau,335,0
laug,315,0
laugh,316,0
laughi,336,0
laughin,337,0
laughing,338,383000000
i,296,0
ig,281,0
ign,294,0
igno,306,0
ignor,301,0
ignore,282,0
ignorer,276,0
ignorers,403,21800
i,296,0
im,327,0
ima,276,0
imag,299,0
imagi,325,0
imagin,326,0
imagine,326,0
imagines,288,1120000000
y,284,0
ye,284,0
yel,340,0
yell,367,0
yello,368,0
yellow,369,0
yellowe,306,0
yellower,323,674000
i,312,0
im,327,0
ima,280,0
imag,303,0
imagi,325,0
imagin,356,0
imagine,324,0
imagined,361,544000000
c,265,0
cl,287,0
cli,298,0
clim,314,0
climb,335,0
climbe,320,0
climber,330,0
climbers,312,435000000
c,265,0
cl,287,0
clo,310,0
clos,318,0
closi,375,0
closin,376,0
closing,377,0
closings,396,1140000000
s,310,0
sp,312,0
spe,358,0
spec,395,0
speci,361,0
specia,392,0
special,393,0
specials,346,7370000000
s,310,0
sp,312,0
spe,358,0
spea,290,0
speak,320,0
speake,336,0
speaker,374,0
speakers,348,1490000000
c,265,0
cl,287,0
clo,310,0
clou,304,0
cloud,325,0
cloudi,283,0
cloudin,322,0
clouding,392,9960000
s,310,0
sp,312,0
spe,358,0
spea,290,0
speak,320,0
speaki,378,0
speakin,379,0
speaking,380,4650000000
s,310,0
sp,312,0
spa,308,0
spac,317,0
spaci,338,0
spacin,361,0
spacing,362,0
spacings,319,11400000
l,288,0
la,287,0
lan,309,0
land,338,0
landi,326,0
landin,348,0
landing,351,0
landings,336,926000000
k,251,0
kn,315,0
kno,333,0
know,318,0
knowi,299,0
knowin,322,0
knowing,323,0
knowings,319,363000
s,310,0
so,287,0
sou,345,0
sout,368,0
south,369,0
southe,408,0
southes,378,0
southest,371,744000000
j,296,0
ja,314,0
jac,324,0
jack,322,0
jacke,313,0
jacket,325,0
jackete,288,0
jacketed,297,9830000
k,251,0
ki,286,0
kit,266,0
kitc,310,0
kitch,320,0
kitche,321,0
kitchen,322,0
kitchens,334,1430000000
k,251,0
ki,286,0
kis,289,0
kiss,308,0
kissi,331,0
kissin,319,0
kissing,320,0
kissings,351,1150000000
k,251,0
ki,286,0
kil,361,0
kill,333,0
killi,364,0
killin,359,0
killing,360,0
killings,365,157000000
k,251,0
ke,310,0
kee,325,0
keep,340,0
keepi,423,0
keepin,424,0
keeping,425,0
keepings,318,254000
d,294,0
dr,311,0
dre,297,0
dres,302,0
dress,293,0
dresse,354,0
dresses,362,2340000000
b,332,0
bi,283,0
big,296,0
bigg,329,0
bigge,374,0
bigges,415,0
biggest,416,3870000000
c,265,0
ca,310,0
car,302,0
care,298,0
caref,330,0
carefu,336,0
careful,343,2310000000
s,310,0
sh,285,0
shi,218,0
shir,309,0
shirt,296,0
shirte,303,0
shirted,319,1260000
w,284,0
wa,302,0
war,243,0
warm,308,0
warme,332,0
warmer,291,0
warmers,307,383000000
s,310,0
sh,285,0
shi,289,0
ship,303,0
shipp,391,0
shippe,378,0
shipped,311,2500000000
b,298,0
bi,283,0
bir,305,0
bird,280,0
birdi,307,0
birdin,286,0
birding,287,103000000
c,265,0
ca,310,0
car,302,0
carr,328,0
carri,322,0
carrie,333,0
carries,323,519000000
s,310,0
sh,285,0
she,288,0
shee,274,0
sheet,315,0
sheete,275,0
sheeted,279,3620000
w,284,0
wa,302,0
war,243,0
warm,308,0
warmi,307,0
warmin,309,0
warming,290,525000000
c,265,0
ca,310,0
car,302,0
carr,328,0
carri,322,0
carrie,333,0
carried,369,5380000000
d,294,0
dr,311,0
dri,311,0
driv,357,0
drive,354,0
driver,364,0
drivers,387,1910000000
c,265,0
ca,310,0
cas,339,0
casi,288,0
casin,299,0
casing,276,0
casings,345,227000000
s,310,0
sh,285,0
sha,303,0
shar,297,0
share,309,0
sharer,256,0
sharers,283,25100000
s,310,0
sh,285,0
sha,303,0
shar,297,0
shari,290,0
sharin,343,0
sharing,344,11400000000
s,344,0
st,306,0
ste,291,0
step,347,0
stepp,319,0
steppe,317,0
stepped,309,525000000
d,294,0
dr,311,0
dro,318,0
drop,293,0
dropp,304,0
droppe,319,0
dropped,325,1560000000
s,310,0
sh,285,0
sha,303,0
shap,298,0
shape,312,0
shaper,314,0
shapers,285,64400000
s,310,0
sh,285,0
sha,303,0
shap,298,0
shapi,346,0
shapin,357,0
shaping,358,612000000
s,310,0
sh,285,0
sha,303,0
shak,340,0
shake,325,0
shaker,333,0
shakers,295,231000000
s,310,0
sh,285,0
sha,303,0
shak,340,0
shaki,346,0
shakin,357,0
shaking,358,564000000
s,310,0
sh,285,0
sha,303,0
shad,345,0
shado,340,0
shadow,341,0
shadows,333,1150000000
s,310,0
se,283,0
sev,333,0
seve,333,0
sever,316,0
severa,390,0
several,318,7380000000
t,273,0
to,296,0
ton,310,0
tong,292,0
tongu,329,0
tongue,330,0
tongued,290,11800000
s,310,0
st,306,0
sta,320,0
stay,319,0
stayi,359,0
stayin,360,0
staying,368,1490000000
s,310,0
se,287,0
set,297,0
sett,272,0
settl,315,0
settle,318,0
settles,296,559000000
s,310,0
se,287,0
set,297,0
sett,272,0
settl,315,0
settle,318,0
settled,303,1630000000
d,294,0
du,288,0
dus,282,0
dust,295,0
dusti,314,0
dustin,315,0
dusting,287,116000000
t,273,0
to,296,0
ton,310,0
tong,292,0
tongu,329,0
tongue,330,0
tongues,306,544000000
c,265,0
ca,310,0
cat,320,0
catt,281,0
catti,251,0
cattin,270,0
catting,290,3210000
c,265,0
ca,310,0
cat,320,0
catc,310,0
catch,311,0
catche,345,0
catches,325,1360000000
e,269,0
ea,270,0
ear,318,0
earl,363,0
earli,390,0
earlie,391,0
earlier,321,2900000000
w,284,0
wa,304,0
war,317,0
warm,308,0
warme,332,0
warmes,357,0
warmest,358,296000000
e,269,0
ea,270,0
ear,318,0
eart,315,0
earth,316,0
earthe,315,0
earthed,302,6410000
w,284,0
wa,303,0
war,317,0
warr,330,0
warri,344,0
warrin,328,0
warring,329,43800000
w,284,0
wa,304,0
wan,288,0
want,300,0
wante,317,0
wanter,274,0
wanters,359,219000
s,310,0
se,283,0
ser,300,0
seri,295,0
serio,306,0
seriou,307,0
serious,308,1900000000
e,269,0
ea,270,0
eas,309,0
east,319,0
easte,390,0
eastes,278,0
eastest,368,369000
s,310,0
se,287,0
sen,278,0
sens,379,0
sensi,337,0
sensin,331,0
sensing,332,1240000000
s,310,0
se,287,0
sen,278,0
send,323,0
sende,310,0
sender,311,0
senders,330,343000000
e,269,0
ea,270,0
eas,309,0
easi,327,0
easie,354,0
easies,376,0
easiest,377,1060000000
s,310,0
se,287,0
sen,278,0
send,323,0
sendi,306,0
sendin,346,0
sending,379,1490000000
s,310,0
se,287,0
sel,328,0
sell,336,0
selle,367,0
seller,359,0
sellers,352,814000000
s,310,0
se,287,0
sel,328,0
sell,336,0
selli,363,0
sellin,364,0
selling,365,6730000000
s,310,0
se,287,0
see,292,0
seem,273,0
seemi,324,0
seemin,321,0
seeming,341,518000000
s,310,0
se,283,0
see,292,0
seei,333,0
seein,334,0
seeing,335,0
seeings,282,410000
t,273,0
ti,278,0
tin,262,0
tini,271,0
tinie,296,0
tinies,323,0
tiniest,352,45900000
s,310,0
se,287,0
sec,302,0
seco,364,0
secon,365,0
second,366,0
seconds,353,1080000000
c,265,0
ca,310,0
cau,295,0
caus,303,0
causi,287,0
causin,287,0
causing,335,4780000000
e,269,0
ed,286,0
edg,225,0
edgi,275,0
edgin,298,0
edging,321,0
edgings,358,147000000
s,310,0
st,306,0
sta,244,0
stat,338,0
stati,304,0
statin,351,0
stating,309,533000000
t,273,0
ti,278,0
tim,307,0
timi,319,0
timin,363,0
timing,364,0
timings,330,1130000000
e,269,0
ef,282,0
eff,301,0
effo,331,0
effor,332,0
effort,333,0
efforts,322,3000000000
c,265,0
ca,310,0
cau,295,0
caus,303,0
cause,353,0
causer,297,0
causers,379,1150000
s,310,0
sc,297,0
scr,281,0
scre,325,0
scree,368,0
screen,369,0
screens,393,2950000000
b,298,0
bl,266,0
bla,306,0
blac,320,0
black,321,0
blacke,396,0
blacker,324,15300000
s,310,0
sc,297,0
scr,281,0
scre,325,0
screa,312,0
scream,340,0
screams,332,475000000
c,265,0
ce,297,0
cen,330,0
cent,341,0
cente,379,0
center,387,0
centers,418,7550000000
w,284,0
wa,303,0
wan,288,0
want,300,0
wanti,304,0
wantin,311,0
wanting,325,681000000
w,284,0
wa,304,0
wal,313,0
wall,296,0
walli,328,0
wallin,367,0
walling,368,20900000
w,284,0
wa,303,0
wal,343,0
walk,338,0
walke,328,0
walker,329,0
walkers,352,870000000
c,265,0
ce,297,0
cer,295,0
cert,322,0
certa,345,0
certai,358,0
certain,359,7250000000
e,269,0
em,283,0
emp,306,0
empt,333,0
empti,293,0
emptie,292,0
emptied,320,170000000
e,269,0
em,283,0
emp,306,0
empt,333,0
empti,293,0
emptie,292,0
empties,313,27700000
e,269,0
em,283,0
emp,306,0
empt,333,0
empti,293,0
emptie,292,0
emptier,313,2010000
e,269,0
en,334,0
end,348,0
endi,286,0
endin,389,0
ending,390,0
endings,335,1740000000
s,310,0
st,306,0
sta,320,0
star,274,0
start,307,0
starte,315,0
started,356,5570000000
s,310,0
sc,297,0
sch,312,0
scho,324,0
schoo,350,0
school,375,0
schools,344,5790000000
s,310,0
sc,297,0
sca,299,0
scar,315,0
scare,289,0
scarer,272,0
scarers,332,953000
s,310,0
sc,297,0
sca,299,0
scar,315,0
scari,376,0
scarin,301,0
scaring,320,221000000
s,310,0
sa,301,0
say,304,0
sayi,336,0
sayin,346,0
saying,347,0
sayings,348,2810000000
e,269,0
en,334,0
eng,392,0
engi,358,0
engin,359,0
engine,360,0
engines,336,1670000000
s,310,0
sa,301,0
sav,317,0
savi,360,0
savin,366,0
saving,367,0
savings,388,1970000000
s,310,0
sa,301,0
san,317,0
sand,325,0
sandi,327,0
sandin,317,0
sanding,312,188000000
e,269,0
en,348,0
enj,308,0
enjo,299,0
enjoy,312,0
enjoye,272,0
enjoyed,291,2790000000
s,310,0
st,306,0
sta,320,0
star,278,0
stare,314,0
starer,318,0
starers,291,92500
s,310,0
sa,301,0
sad,290,0
sadd,312,0
sadde,328,0
saddes,351,0
saddest,352,64900000
s,310,0
st,306,0
sta,320,0
star,278,0
stari,311,0
starin,340,0
staring,353,748000000
e,269,0
en,348,0
eno,294,0
enou,329,0
enoug,330,0
enough,331,0
enoughs,314,498000
r,289,0
ru,276,0
rus,325,0
rush,287,0
rushi,338,0
rushin,350,0
rushing,351,255000000
b,298,0
ba,334,0
bag,274,0
bagg,304,0
baggi,292,0
baggin,319,0
bagging,331,107000000
r,289,0
ru,276,0
run,266,0
runn,322,0
runne,330,0
runner,331,0
runners,327,552000000
e,269,0
en,348,0
ent,338,0
ente,364,0
enter,365,0
entere,307,0
entered,334,6090000000
c,265,0
ch,309,0
cha,291,0
chan,306,0
chanc,302,0
chance,320,0
chances,427,3540000000
e,269,0
en,348,0
ent,338,0
enti,301,0
entir,317,0
entire,315,0
entires,345,876000
c,265,0
ch,309,0
cha,291,0
chan,306,0
chanc,302,0
chance,320,0
chancer,306,3930000
r,289,0
ru,276,0
rub,304,0
rubb,318,0
rubbi,331,0
rubbin,357,0
rubbing,363,431000000
r,289,0
ro,272,0
row,314,0
rowi,358,0
rowin,359,0
rowing,370,0
rowings,374,183000000
c,265,0
ch,309,0
cha,291,0
chan,306,0
chanc,302,0
chance,320,0
chanced,287,40400000
r,289,0
ro,272,0
rou,305,0
roun,342,0
round,343,0
rounde,325,0
rounded,346,419000000
s,310,0
st,306,0
sta,354,0
star,278,0
starr,314,0
starre,328,0
starred,314,319000000
r,289,0
ro,272,0
roo,286,0
room,320,0
roomi,320,0
roomin,332,0
rooming,359,20200000
c,265,0
ch,309,0
cha,291,0
chan,306,0
chang,343,0
change,355,0
changed,317,3390000000
c,265,0
ch,309,0
cha,291,0
chan,306,0
chang,343,0
change,355,0
changes,344,10850000000
b,298,0
bl,266,0
blo,290,0
bloc,292,0
block,293,0
blocke,271,0
blocked,357,1590000000
a,303,0
an,301,0
ang,308,0
angr,301,0
angri,268,0
angrie,325,0
angrier,302,7950000
e,269,0
ex,312,0
exa,287,0
exac,301,0
exact,316,0
exactl,317,0
exactly,318,2540000000
e,269,0
ex,312,0
exc,287,0
exce,326,0
excep,334,0
except,335,0
excepts,319,2540000
c,265,0
ch,309,0
che,298,0
chec,311,0
check,312,0
checke,308,0
checked,344,2190000000
e,269,0
ex,312,0
exc,287,0
exci,318,0
excit,348,0
excite,362,0
excited,332,1500000000
e,269,0
ex,312,0
exc,287,0
exci,318,0
excit,348,0
excite,365,0
excites,294,194000000
t,273,0
th,321,0
thr,318,0
thro,323,0
throu,321,0
throug,335,0
through,336,10990000000
e,269,0
ex,312,0
exp,322,0
expe,323,0
expec,309,0
expect,310,0
expects,339,3000000000
b,298,0
bl,266,0
blo,290,0
bloo,296,0
blood,343,0
bloode,293,0
blooded,307,86700000
c,265,0
ch,309,0
che,298,0
chee,312,0
cheek,298,0
cheeke,273,0
cheeked,304,7840000
t,273,0
th,321,0
thr,318,0
thro,323,0
throa,315,0
throat,316,0
throats,340,77900000
w,284,0
wa,311,0
wak,360,0
waki,322,0
wakin,355,0
waking,356,0
wakings,342,220000
s,310,0
sp,312,0
spr,338,0
spri,336,0
sprin,350,0
spring,361,0
springs,373,3010000000
b,298,0
bl,266,0
blo,290,0
blow,285,0
blowi,377,0
blowin,348,0
blowing,351,418000000
r,289,0
ro,272,0
roc,332,0
rock,363,0
rocki,345,0
rockin,264,0
rocking,367,201000000
r,289,0
ri,285,0
ris,311,0
risi,317,0
risin,326,0
rising,331,0
risings,278,1410000
b,298,0
ba,249,0
bag,274,0
bagg,304,0
bagge,306,0
bagger,319,0
baggers,283,47500000
a,303,0
an,301,0
ani,327,0
anim,336,0
anima,363,0
animal,340,0
animals,382,5130000000
r,289,0
ri,233,0
rig,328,0
righ,335,0
right,336,0
righte,385,0
righter,285,2200000
r,289,0
ri,281,0
rig,328,0
righ,335,0
right,336,0
righte,385,0
righted,289,5030000
r,289,0
ri,281,0
rid,301,0
ridi,322,0
ridin,310,0
riding,322,0
ridings,284,7520000
f,300,0
fa,296,0
fac,313,0
faci,317,0
facin,334,0
facing,340,0
facings,317,1300000000
r,289,0
re,295,0
rev,329,0
reve,318,0
revea,309,0
reveal,310,0
reveals,317,4050000000
b,298,0
bl,266,0
blo,290,0
blow,285,0
blowe,334,0
blower,331,0
blowers,339,150000000
c,265,0
ch,309,0
cho,330,0
choi,340,0
choic,349,0
choice,350,0
choicer,293,589000
c,265,0
ch,309,0
cho,330,0
choi,367,0
choic,349,0
choice,350,0
choices,357,5810000000
r,289,0
re,295,0
ret,297,0
retu,325,0
retur,326,0
return,327,0
returns,323,4600000000
v,259,0
vo,255,0
voi,288,0
voic,312,0
voici,282,0
voicin,325,0
voicing,326,204000000
w,284,0
wo,290,0
wor,291,0
worr,278,0
worri,309,0
worrie,310,0
worries,301,1410000000
r,289,0
re,295,0
res,331,0
rest,351,0
resti,379,0
restin,407,0
resting,408,551000000
c,265,0
ch,309,0
cho,330,0
choo,311,0
choos,326,0
choose,346,0
chooses,321,6750000000
s,310,0
sp,312,0
spr,338,0
spre,296,0
sprea,339,0
spread,340,0
spreads,361,1690000000
f,300,0
fa,296,0
fai,296,0
fail,312,0
faile,375,0
failer,379,0
failers,441,72900
f,300,0
fa,296,0
fal,275,0
fall,282,0
falli,358,0
fallin,366,0
falling,367,978000000
s,310,0
sp,312,0
spo,310,0
spot,337,0
spott,377,0
spotte,321,0
spotted,322,388000000
r,289,0
re,295,0
rep,299,0
repl,306,0
repli,302,0
replie,286,0
replies,322,2240000000
r,289,0
re,295,0
rep,299,0
repl,306,0
repli,302,0
replie,286,0
replied,299,262000000
t,273,0
th,321,0
thi,312,0
thin,334,0
thinn,329,0
thinne,324,0
thinned,275,19700000
f,300,0
fa,296,0
fal,275,0
fall,282,0
falle,328,0
faller,264,0
fallers,281,56300000
b,298,0
ba,318,0
bal,290,0
ball,276,0
balli,330,0
ballin,318,0
balling,294,20500000
b,298,0
bo,296,0
boa,305,0
boar,327,0
board,336,0
boarde,294,0
boarded,297,66700000
r,289,0
re,295,0
rep,299,0
repe,293,0
repea,299,0
repeat,306,0
repeats,312,1050000000
f,300,0
fa,296,0
far,312,0
fart,297,0
farth,337,0
farthe,345,0
farther,344,242000000
f,300,0
fu,260,0
fur,315,0
furt,322,0
furth,344,0
furthe,345,0
further,351,8280000000
c,265,0
ci,305,0
cir,319,0
circ,339,0
circl,318,0
circle,319,0
circles,348,10430000000
a,303,0
an,301,0
ano,291,0
anot,370,0
anoth,371,0
anothe,372,0
another,373,9020000000
r,289,0
re,295,0
rem,316,0
remo,342,0
remov,365,0
remove,365,0
removed,340,7640000000
f,300,0
fa,296,0
fas,319,0
fast,325,0
faste,348,0
fastes,371,0
fastest,372,754000000
r,289,0
re,295,0
rem,316,0
remo,342,0
remov,365,0
remove,365,0
removes,403,3100000000
f,300,0
fa,296,0
fat,333,0
fath,325,0
fathe,328,0
father,366,0
fathers,427,4010000000
t,273,0
th,321,0
thi,312,0
thic,299,0
thick,308,0
thicke,363,0
thicker,338,679000000
c,265,0
ci,305,0
cir,319,0
circ,339,0
circl,318,0
circle,319,0
circled,274,55100000
v,259,0
vi,288,0
vis,326,0
visi,329,0
visit,337,0
visite,297,0
visited,325,9720000000
r,289,0
re,295,0
rem,316,0
remi,287,0
remin,312,0
remind,336,0
reminds,353,868000000
f,300,0
fe,329,0
fea,319,0
fear,349,0
feari,320,0
fearin,352,0
fearing,353,96700000
s,310,0
sp,312,0
spi,231,0
spir,308,0
spiri,309,0
spirit,310,0
spirits,303,1390000000
c,265,0
cl,287,0
cla,274,0
clas,309,0
class,310,0
classe,327,0
classes,338,6840000000
a,303,0
an,301,0
ans,295,0
answ,361,0
answe,362,0
answer,363,0
answers,345,8700000000
c,265,0
cl,287,0
cle,310,0
clea,321,0
clean,316,0
cleane,322,0
cleaned,318,3010000000
t,273,0
th,321,0
tha,332,0
than,324,0
thank,335,0
thanke,252,0
thanked,293,158000000
w,284,0
wo,290,0
wor,321,0
worr,278,0
worri,309,0
worrie,310,0
worried,297,1270000000
r,280,0
re,295,0
rem,316,0
rema,343,0
remai,349,0
remain,350,0
remains,326,2490000000
c,265,0
cl,287,0
cle,325,0
clea,321,0
clear,318,0
cleare,282,0
cleared,306,912000000
r,280,0
re,295,0
ref,282,0
refu,319,0
refus,324,0
refuse,324,0
refuses,342,826000000
r,280,0
re,295,0
ref,282,0
refu,319,0
refus,324,0
refuse,324,0
refused,382,1370000000
w,284,0
wo,290,0
wor,291,0
work,314,0
worke,408,0
worker,423,0
workers,424,2330000000
r,280,0
re,295,0
red,261,0
redd,307,0
redde,253,0
reddes,295,0
reddest,309,2080000
y,284,0
ye,284,0
yel,372,0
yell,367,0
yello,368,0
yellow,369,0
yellows,385,6330000000
c,265,0
cl,287,0
cle,295,0
clea,321,0
clear,318,0
cleare,282,0
clearer,304,296000000
c,265,0
cl,287,0
cle,325,0
clea,321,0
clear,318,0
clearl,357,0
clearly,362,1940000000
c,265,0
cl,287,0
cli,298,0
clim,314,0
climb,331,0
climbe,324,0
climbed,318,829000000
t,273,0
te,316,0
tea,304,0
tear,344,0
teari,305,0
tearin,318,0
tearing,317,212000000
t,273,0
te,316,0
tea,304,0
team,341,0
teami,278,0
teamin,316,0
teaming,316,67000000
f,300,0
fi,302,0
fig,342,0
figu,352,0
figur,353,0
figure,320,0
figured,313,227000000
f,300,0
fi,302,0
fig,342,0
figu,352,0
figur,383,0
figure,320,0
figures,351,6190000000
u,286,0
us,280,0
usu,268,0
usua,310,0
usual,311,0
usuall,326,0
usually,327,5520000000
c,265,0
cl,287,0
clo,310,0
clos,322,0
close,334,0
closes,350,0
closest,351,1070000000
r,280,0
re,295,0
rea,292,0
reas,324,0
reaso,336,0
reason,351,0
reasons,369,8920000000
f,300,0
fi,302,0
fin,332,0
fina,335,0
final,341,0
finall,321,0
finally,322,2500000000
c,265,0
cl,287,0
clo,310,0
clos,322,0
close,334,0
closer,329,0
closers,297,1610000000
a,300,0
an,297,0
any,291,0
anyb,358,0
anybo,375,0
anybod,376,0
anybody,377,576000000
a,300,0
an,297,0
any,291,0
anym,299,0
anymo,318,0
anymor,324,0
anymore,325,1040000000
f,300,0
fi,302,0
fin,332,0
find,335,0
finde,321,0
finder,330,0
finders,361,884000000
b,292,0
bo,296,0
boo,267,0
boot,288,0
booti,283,0
bootin,319,0
booting,320,151000000
r,280,0
re,295,0
rea,292,0
real,358,0
reale,334,0
reales,344,0
realest,352,2010000000
c,265,0
cl,287,0
clo,310,0
clot,321,0
cloth,316,0
clothe,309,0
clothed,326,171000000
r,280,0
re,295,0
rea,292,0
read,290,0
readi,324,0
readie,283,0
readier,319,454000
r,280,0
re,295,0
rea,292,0
read,267,0
readi,354,0
readie,283,0
readies,321,10100000
r,280,0
re,295,0
rea,292,0
read,267,0
readi,354,0
readie,283,0
readied,318,6640000
f,300,0
fi,302,0
fin,332,0
fing,337,0
finge,338,0
finger,339,0
fingers,362,1510000000
t,273,0
te,316,0
tea,304,0
teac,338,0
teach,355,0
teache,360,0
teaches,329,4030000000
t,273,0
ta,295,0
tal,337,0
tall,348,0
talle,397,0
talles,398,0
tallest,399,536000000
c,265,0
cl,258,0
clo,310,0
clot,321,0
cloth,316,0
clothe,309,0
clothes,310,3610000000
r,280,0
re,295,0
rea,292,0
read,290,0
reade,374,0
reader,390,0
readers,399,8320000000
t,273,0
ta,295,0
tal,337,0
talk,306,0
talke,305,0
talker,278,0
talkers,315,10500000
c,265,0
cl,258,0
clo,310,0
clou,300,0
cloud,316,0
cloude,329,0
clouded,326,27400000
t,273,0
ta,295,0
tal,337,0
talk,306,0
talki,330,0
talkin,337,0
talking,338,2680000000
f,300,0
fi,302,0
fir,320,0
firi,313,0
firin,314,0
firing,315,0
firings,321,5870000
t,273,0
ta,295,0
tak,282,0
taki,315,0
takin,337,0
taking,386,0
takings,354,6130000
r,280,0
re,295,0
rea,292,0
reac,338,0
reach,339,0
reache,342,0
reached,306,2210000000
r,280,0
re,295,0
rea,292,0
reac,338,0
reach,339,0
reache,342,0
reaches,321,3090000000
r,280,0
ra,274,0
rai,291,0
rais,339,0
raisi,360,0
raisin,331,0
raising,372,2570000000
r,280,0
ra,274,0
rai,291,0
rain,310,0
raini,316,0
rainin,326,0
raining,341,357000000
f,300,0
fi,302,0
fis,289,0
fish,290,0
fishi,291,0
fishin,292,0
fishing,293,2400000000
q,274,0
qu,291,0
qui,284,0
quie,293,0
quiet,322,0
quietl,307,0
quietly,328,943000000
f,300,0
fi,302,0
fit,303,0
fitt,284,0
fitte,292,0
fittes,347,0
fittest,348,30100000
s,310,0
sy,324,0
sys,335,0
syst,370,0
syste,372,0
system,403,0
systems,388,15650000000
w,284,0
wh,316,0
whe,366,0
whet,286,0
wheth,333,0
whethe,345,0
whether,335,1890000000
b,292,0
bo,296,0
bot,298,0
both,302,0
bothe,301,0
bother,305,0
bothers,331,323000000
w,284,0
wr,281,0
wra,281,0
wrap,314,0
wrapp,339,0
wrappe,336,0
wrapped,344,553000000
f,300,0
fi,302,0
fit,303,0
fitt,284,0
fitte,292,0
fitter,284,0
fitters,302,79700000
q,274,0
qu,291,0
qui,284,0
quie,293,0
quiet,322,0
quiete,313,0
quieted,300,3910000
q,274,0
qu,291,0
qui,284,0
quic,323,0
quick,344,0
quickl,233,0
quickly,327,5210000000
c,273,0
co,284,0
cof,283,0
coff,284,0
coffe,287,0
coffee,288,0
coffees,328,1820000000
q,274,0
qu,291,0
qui,236,0
quic,323,0
quick,344,0
quicke,360,0
quicker,305,547000000
f,300,0
fi,302,0
fix,292,0
fixi,296,0
fixin,313,0
fixing,304,0
fixings,315,26000000
c,273,0
co,284,0
col,336,0
cold,288,0
colde,426,0
coldes,449,0
coldest,450,238000000
s,310,0
so,287,0
sou,356,0
soun,300,0
sound,301,0
sounde,345,0
sounded,301,295000000
a,300,0
ac,269,0
act,319,0
acti,321,0
actin,338,0
acting,350,0
actings,306,326000
a,300,0
an,297,0
any,291,0
anyw,321,0
anywa,323,0
anyway,324,0
anyways,327,796000000
f,300,0
fl,307,0
fla,215,0
flas,294,0
flash,305,0
flashe,321,0
flashed,323,518000000
f,300,0
fl,307,0
fla,215,0
flas,294,0
flash,305,0
flashe,321,0
flashes,411,1520000000
b,292,0
bo,296,0
bot,298,0
bott,327,0
bottl,299,0
bottle,300,0
bottles,311,1610000000
f,300,0
fl,307,0
fla,215,0
flat,237,0
flatt,300,0
flatte,309,0
flatter,327,157000000
f,300,0
fl,307,0
fla,288,0
flat,237,0
flatt,300,0
flatte,309,0
flatted,316,1430000
c,273,0
co,284,0
col,336,0
colo,344,0
color,355,0
colore,381,0
colored,358,10120000000
b,292,0
bo,296,0
bot,298,0
bott,327,0
bottl,299,0
bottle,300,0
bottled,372,204000000
s,310,0
so,287,0
sor,271,0
sort,299,0
sorti,330,0
sortin,331,0
sorting,345,692000000
f,300,0
fl,307,0
fli,302,0
flig,325,0
fligh,326,0
flight,327,0
flights,375,1540000000
p,288,0
pu,324,0
put,303,0
putt,305,0
putti,340,0
puttin,345,0
putting,339,9320000000
p,288,0
pu,324,0
pus,381,0
push,309,0
pushe,304,0
pusher,296,0
pushers,305,10500000
p,288,0
pu,324,0
pus,381,0
push,309,0
pushi,342,0
pushin,343,0
pushing,372,2970000000
f,300,0
fl,307,0
flo,300,0
flow,354,0
flowe,389,0
flower,320,0
flowers,346,2030000000
p,288,0
pu,324,0
pul,244,0
pull,303,0
pulle,329,0
puller,304,0
pullers,308,13100000
w,284,0
wo,290,0
won,287,0
wond,304,0
wonde,305,0
wonder,336,0
wonders,332,853000000
s,310,0
so,287,0
sor,271,0
sorr,298,0
sorri,264,0
sorrie,282,0
sorrier,318,227000
p,288,0
pr,333,0
pro,303,0
prov,328,0
provi,350,0
provin,323,0
proving,365,1690000000
c,273,0
co,233,0
com,299,0
comi,320,0
comin,344,0
coming,345,0
comings,372,11600000
b,292,0
bo,296,0
bot,298,0
bott,327,0
botto,349,0
bottom,350,0
bottoms,328,4770000000
b,292,0
bo,296,0
box,216,0
boxi,313,0
boxin,314,0
boxing,315,0
boxings,301,713000000
c,273,0
co,233,0
com,299,0
comp,325,0
compa,310,0
compan,348,0
company,351,9830000000
f,300,0
fo,266,0
fol,285,0
foll,337,0
follo,339,0
follow,340,0
follows,304,10530000000
y,284,0
yo,279,0
you,298,0
youn,327,0
young,328,0
younge,355,0
younger,366,1340000000
t,268,0
tr,318,0
tru,321,0
trus,341,0
trust,342,0
truste,377,0
trusted,377,1150000000
s,310,0
sw,282,0
swe,308,0
swee,253,0
sweet,346,0
sweete,362,0
sweeter,301,156000000
y,284,0
ye,284,0
yel,372,0
yell,304,0
yelli,291,0
yellin,335,0
yelling,341,286000000
w,284,0
wi,219,0
wit,232,0
with,316,0
witho,343,0
withou,344,0
without,345,11960000000
b,263,0
be,279,0
bea,278,0
beac,329,0
beach,355,0
beache,363,0
beached,356,15200000
f,300,0
fo,266,0
foo,298,0
foot,358,0
footi,296,0
footin,297,0
footing,298,145000000
b,263,0
be,279,0
bea,290,0
beac,329,0
beach,355,0
beache,363,0
beaches,364,2800000000
b,263,0
br,289,0
bra,306,0
brai,285,0
brain,286,0
braine,367,0
brained,305,7180000
b,263,0
be,279,0
bea,290,0
bear,288,0
beari,337,0
bearin,341,0
bearing,337,666000000
t,268,0
tr,318,0
tru,291,0
truc,318,0
truck,254,0
trucke,333,0
trucked,278,2660000
f,300,0
fo,270,0
for,310,0
forc,250,0
forci,316,0
forcin,332,0
forcing,337,506000000
w,284,0
wi,219,0
wis,342,0
wish,322,0
wishi,363,0
wishin,369,0
wishing,400,1020000000
f,300,0
fo,270,0
for,310,0
fore,261,0
fores,289,0
forest,289,0
forests,315,3070000000
a,300,0
ap,240,0
app,299,0
appe,295,0
appea,309,0
appear,342,0
appears,343,6000000000
a,300,0
ai,279,0
air,234,0
airi,285,0
airin,329,0
airing,369,0
airings,353,11200000
f,300,0
fo,270,0
for,314,0
fore,261,0
forev,333,0
foreve,334,0
forever,335,1340000000
f,300,0
fo,270,0
for,314,0
forg,324,0
forge,344,0
forget,352,0
forgets,320,1110000000
a,300,0
ac,269,0
acc,313,0
acce,329,0
accep,347,0
accept,348,0
accepts,333,5960000000
p,288,0
pr,333,0
pre,364,0
pres,324,0
press,343,0
presse,351,0
pressed,352,1240000000
w,284,0
wr,287,0
wro,262,0
wron,359,0
wrong,387,0
wronge,270,0
wronged,308,23700000
w,284,0
wi,283,0
win,287,0
wint,338,0
winte,343,0
winter,344,0
winters,334,3740000000
f,300,0
fo,270,0
for,314,0
form,277,0
formi,335,0
formin,338,0
forming,343,5940000000
p,288,0
pr,333,0
pre,364,0
pres,324,0
press,343,0
presse,351,0
presses,305,9520000000
b,292,0
be,273,0
bea,290,0
beat,249,0
beate,275,0
beater,262,0
beaters,322,49200000
w,284,0
wh,316,0
whe,366,0
whee,305,0
wheel,306,0
wheele,344,0
wheeled,336,75200000
b,292,0
be,273,0
bec,285,0
beca,357,0
becau,358,0
becaus,359,0
because,360,12370000000
c,273,0
co,284,0
coo,279,0
cool,281,0
coole,317,0
cooler,312,0
coolers,329,388000000
a,300,0
al,290,0
all,346,0
allo,293,0
allow,354,0
allowe,272,0
allowed,329,4090000000
p,288,0
po,271,0
pow,304,0
powe,305,0
power,306,0
powere,338,0
powered,342,3920000000
p,288,0
po,204,0
pou,325,0
pour,324,0
poure,304,0
pourer,285,0
pourers,341,3880000
p,288,0
po,271,0
pou,325,0
pour,324,0
pouri,328,0
pourin,329,0
pouring,368,392000000
t,273,0
tr,318,0
tri,337,0
trip,311,0
tripp,281,0
trippe,288,0
tripped,313,116000000
c,273,0
co,284,0
coo,279,0
cool,281,0
coole,317,0
cooles,341,0
coolest,342,358000000
b,292,0
br,304,0
bre,328,0
brea,329,0
breas,386,0
breast,387,0
breasts,370,1270000000
f,300,0
fr,303,0
fre,322,0
fres,316,0
fresh,315,0
freshe,285,0
fresher,275,179000000
s,310,0
so,291,0
som,325,0
some,407,0
someh,361,0
someho,362,0
somehow,363,325000000
f,300,0
fr,303,0
fri,294,0
frie,328,0
frien,326,0
friend,327,0
friends,344,6670000000
b,292,0
br,304,0
bre,328,0
brea,329,0
breat,361,0
breath,362,0
breaths,358,518000000
c,273,0
co,284,0
cop,299,0
copp,321,0
coppi,323,0
coppin,347,0
copping,279,10800000
f,300,0
fr,303,0
fro,339,0
fron,364,0
front,365,0
fronte,306,0
fronted,349,28200000
b,292,0
be,273,0
bec,285,0
beco,345,0
becom,346,0
become,363,0
becomes,340,9650000000
p,210,0
po,204,0
por,327,0
porc,263,0
porch,316,0
porche,333,0
porches,288,218000000
p,288,0
po,271,0
pop,286,0
popp,301,0
poppe,312,0
popper,289,0
poppers,300,83400000
p,210,0
po,271,0
pop,286,0
popp,301,0
poppi,304,0
poppin,326,0
popping,332,271000000
p,288,0
po,204,0
poo,267,0
poor,334,0
poore,351,0
poores,370,0
poorest,371,357000000
t,273,0
tr,318,0
tre,308,0
tree,286,0
treei,349,0
treein,368,0
treeing,369,5530000
f,300,0
fu,277,0
ful,318,0
full,332,0
fulle,343,0
fulles,314,0
fullest,315,134000000
p,288,0
po,204,0
poo,267,0
pool,224,0
pooli,275,0
poolin,334,0
pooling,344,449000000
p,288,0
po,204,0
pol,290,0
poli,321,0
polic,366,0
police,349,0
polices,387,2490000000
f,300,0
fu,277,0
fun,283,0
funn,320,0
funni,364,0
funnie,365,0
funnier,312,20000000
f,300,0
fu,277,0
fun,283,0
funn,320,0
funni,364,0
funnie,365,0
funnies,377,17000000
p,288,0
po,271,0
pol,290,0
poli,321,0
polic,348,0
police,349,0
policed,289,17000000
c,273,0
co,284,0
cor,287,0
corn,220,0
corne,320,0
corner,330,0
corners,418,1900000000
f,300,0
fu,277,0
fut,271,0
futu,349,0
futur,350,0
future,400,0
futures,335,6160000000
p,288,0
po,204,0
poi,303,0
poin,331,0
point,329,0
pointe,312,0
pointed,350,1200000000
g,301,0
ga,274,0
gam,287,0
gami,264,0
gamin,288,0
gaming,289,0
gamings,260,3290000
c,273,0
co,284,0
cou,299,0
coun,335,0
count,326,0
counte,331,0
counted,381,4530000000
p,288,0
po,204,0
poc,209,0
pock,295,0
pocke,310,0
pocket,311,0
pockets,287,950000000
w,284,0
we,329,0
wet,256,0
wett,278,0
wetti,287,0
wettin,297,0
wetting,305,91300000
p,288,0
pl,317,0
ple,296,0
plea,313,0
pleas,309,0
please,365,0
pleased,372,2240000000
g,301,0
ga,274,0
gar,281,0
gard,320,0
garde,304,0
garden,307,0
gardens,320,3060000000
w,284,0
we,329,0
wet,256,0
wett,278,0
wette,304,0
wetter,303,0
wetters,285,4920000
w,284,0
we,329,0
wet,256,0
wett,278,0
wette,304,0
wettes,347,0
wettest,348,22800000
p,288,0
pl,317,0
ple,230,0
plea,313,0
pleas,309,0
please,365,0
pleases,324,54800000
s,310,0
su,293,0
sun,299,0
sunn,322,0
sunni,295,0
sunnin,302,0
sunning,318,9880000
p,288,0
pl,317,0
pla,340,0
play,306,0
playe,342,0
player,343,0
players,361,3500000000
w,284,0
we,329,0
wes,243,0
west,340,0
weste,392,0
westes,274,0
westest,285,595000
c,273,0
co,284,0
cou,299,0
coun,335,0
count,326,0
countr,340,0
country,367,7660000000
g,301,0
ga,274,0
gat,297,0
gath,322,0
gathe,332,0
gather,333,0
gathers,306,967000000
b,292,0
br,304,0
bri,338,0
brid,333,0
bridg,335,0
bridge,340,0
bridges,353,1730000000
p,288,0
pl,317,0
pla,340,0
play,306,0
playi,349,0
playin,348,0
playing,349,19430000000
b,292,0
br,304,0
bri,338,0
brid,333,0
bridg,335,0
bridge,340,0
bridged,327,317000000
c,273,0
co,284,0
cou,299,0
coup,343,0
coupl,360,0
couple,361,0
couples,378,3770000000
